kd,kills,kills_match,mode,player,score,score_match,total,winratio,wins
4.14,58,3.62,SOLO,Alucco,3581,223.81,16,12.5,2
1,2,1,SOLO,blaaays,435,217.5,2,0,0
3.5,28,2.8,SOLO,DAxBLAKxMAMBA,2160,216,10,20,2
1,1,1,SOLO,dukeshooter69,355,355,1,0,0
16,16,5.33,SOLO,flo_mc8,1303,434.33,3,66.7,2
1.92,50,1.85,SOLO,FortNiteLew,4011,148.56,27,3.7,1
1,1,1,SOLO,GxcciENY,28,28,1,0,0
6,6,3,SOLO,Holthe123,1210,605,2,100,2
2.12,68,2.06,SOLO,HunchoAman,5461,165.48,33,3,1
4.38,35,3.5,SOLO,I_Breadstick,2350,235,10,20,2
1.95,43,1.95,SOLO,ichameleoni,4787,217.59,22,0,0
0.9,9,0.82,SOLO,Ivan-_-A,1454,132.18,11,9.1,1
1.12,9,1.12,SOLO,KanalmanN,1050,131.25,8,0,0
4.38,35,3.5,SOLO,KingOfYou12,2468,246.8,10,20,2
5,5,5,SOLO,KOUYA_KOUDOUwwww,196,196,1,0,0
2.11,19,2.11,SOLO,leng1upp,1006,111.78,9,0,0
3.54,170,3.15,SOLO,llKratos-,9403,174.13,54,11.1,6
4,8,4,SOLO,Mabilou-Tariff,222,111,2,0,0
1,2,1,SOLO,MonkeyDArian,44,22,2,0,0
4.6,23,4.6,SOLO,ParanoiaJooker,1149,229.8,5,0,0
1,1,1,SOLO,SAFCMAD4IT,40,40,1,0,0
1.25,5,1.25,SOLO,Shawn-the-white,784,196,4,0,0
3.5,7,3.5,SOLO,Sufi-Q,903,451.5,2,0,0
1.11,196,1.06,SOLO,thegolfingcrip,35758,193.29,185,4.3,8
6,6,6,SOLO,Twitch_Kxrima,405,405,1,0,0
35,35,7,SOLO,WhoRocksSupreme,2825,565,5,80,4
1.75,7,1.17,SOLO,xblueblackx,2356,392.67,6,33.3,2
3,12,3,SOLO,XX_TheCounterBos,1131,282.75,4,0,0
3,3,3,SOLO,あすかいず,327,327,1,0,0
6.26,3535,4.03,SOLO,C Y N,349790,398.85,877,35.6,312
7.42,8811,4.74,SOLO,GoldenJ.,692005,372.65,1857,36.1,670
6.8,1878,3.7,SOLO,HORRID_PLAYER,223816,440.58,508,45.7,232
5.17,811,4.38,SOLO,Im Bad ツ,42344,228.89,185,15.1,28
3.51,1627,2.91,SOLO,JoeArcher,163434,291.85,560,17.1,96
3.69,1086,3.31,SOLO,Kraze-,72790,221.92,328,10.4,34
2.82,3629,2.54,SOLO,Moorro,343432,239.99,1431,9.9,142
6.44,4514,4.87,SOLO,MrDoom TTV,323516,348.99,927,24.4,226
4.87,5575,3.73,SOLO,Outcold415,469800,314.46,1494,23.4,350
4.37,5363,3.52,SOLO,Pinktongue,399396,262.42,1522,19.4,295
4.1,2911,3.58,SOLO,Talent .,214291,263.58,813,12.7,103
3.14,393,2.85,SOLO,terror.exe,27637,200.27,138,9.4,13
4.98,2293,4.1,SOLO,therealgod.,161970,289.75,559,17.7,99
3.38,1430,3.04,SOLO,Top500DuoRektU,99343,210.92,471,10.2,48
0.49,430,0.46,SOLO,TrmPnapovski,299179,322.04,929,5.4,50
2.61,310,2.42,SOLO,TTV H2OStill,26981,210.79,128,7,9
6.95,6712,4.94,SOLO,Twitch.SleepyFN,441413,325.05,1358,28.9,392
4.59,2183,3.76,SOLO,TwitchEmperorOne,160022,275.43,581,18.1,105
2.86,349,2.59,SOLO,WashedUpTimboTTV,33207,245.98,135,9.6,13
7.32,9225,5.32,SOLO,Zαch,531277,306.21,1735,27.3,474
6.81,1736,4.12,SOLO,Λɢɢяσ,169046,401.53,421,39.4,166
5.01,4978,4.01,SOLO,한발1킬,357362,288.2,1240,19.9,247
4.67,14,4.67,SOLO,Aydean,769,256.33,3,0,0
6.67,60,4,SOLO,Champism,4520,301.33,15,40,6
1,5,1,SOLO,ELITEKILLER101x,660,132,5,0,0
3,30,2.31,SOLO,Frkin Chaos,5536,425.85,13,23.1,3
16.25,65,5.91,SOLO,InsaneAU,4963,451.18,11,63.6,7
2.83,17,2.43,SOLO,jcappy,1973,281.86,7,14.3,1
3,6,3,SOLO,Mauvn,429,214.5,2,0,0
4.67,14,3.5,SOLO,NR Jordan,1097,274.25,4,25,1
1,1,1,SOLO,screech111,17,17,1,0,0
1.29,9,1.29,SOLO,The_Dolt,1196,170.86,7,0,0
5,5,5,SOLO,WolfSnD0505,605,605,1,100,1
9,18,6,SOLO,Wοh,1312,437.33,3,33.3,1
2.61,60,2.14,SOLO,xxSSxx Kill,7338,262.07,28,17.9,5
3.55,39,3.55,SOLO,Young Susanoo,1741,158.27,11,0,0
14,14,4.67,SOLO,Zexpraa,1422,474,3,66.7,2
3.71,26,3.25,SOLO,SE-iiFreaKz,1256,157,8,12.5,1
7.75,31,5.17,SOLO,Valen30020,2339,389.83,6,33.3,2
1.3,13,1.3,SOLO,zNobJoZ,715,71.5,10,0,0
6.99,9521,4.98,SOLO,Aircry,615112,321.88,1911,28.7,548
4.43,4443,3.36,SOLO,DH LGx,433220,327.7,1322,24.2,320
3.83,3295,3.09,SOLO,Goиza,318510,298.79,1066,19.3,206
5.76,3233,3.04,SOLO,ISG LightPlanet,468664,441.3,1062,47.2,501
2.94,1007,2.72,SOLO,Meolans,90124,243.58,370,7.3,27
2.25,18,2,SOLO,AykanBomaye,1936,215.11,9,11.1,1
1.61,71,1.58,SOLO,Predizions,4525,100.56,45,2.2,1
5.05,2392,3.7,SOLO,Prime Tydix,204658,316.32,647,26.7,173
8.56,77,6.42,SOLO,Alqeu,3824,318.67,12,25,3
1.61,29,1.53,SOLO,BradleyGrodon69,3335,175.53,19,5.3,1
9,9,9,SOLO,eDOGtheSavage-,602,602,1,100,1
1.5,3,1,SOLO,Kljxy,742,247.33,3,33.3,1
2,4,2,SOLO,lmpacct,334,167,2,0,0
2,2,2,SOLO,Parqn,196,196,1,0,0
8,24,4,SOLO,Twitch_kojos,2731,455.17,6,50,3
3.46,1493,3.1,SOLO,CaliFN,119752,248.96,481,10.2,49
4.48,2575,3.5,SOLO,girkler,244263,332.33,735,21.8,160
3.38,7898,3.08,SOLO,JAM Em Dee,556636,217.35,2561,8.8,226
19.83,6008,7.71,SOLO,RNG mrfreshasian,384347,493.39,779,61.1,476
3.25,13,2.17,SOLO,SitOnThis,488,81.33,6,33.3,2
6,6,6,SOLO,Sorif,405,405,1,0,0
11,22,7.33,SOLO,TC llAndrew,1415,471.67,3,33.3,1
5.13,4021,3.92,SOLO,WakeUpIznajIstin,324447,315.92,1027,23.7,243
2.92,643,2.7,SOLO,xISammie,50566,212.46,238,7.6,18
3.17,2189,2.77,SOLO,Mishoangelo,202800,257.03,789,12.4,98
13.9,417,6.84,SOLO,November 26th,27401,449.2,61,50.8,31
3,60,2.5,SOLO,Razant,6625,276.04,24,16.7,4
2.41,5217,1.84,SOLO,Blightwalker,855616,302.34,2830,23.4,663
6.94,11901,5.06,SOLO,BrW0lf,833754,354.49,2352,27.1,638
4.7,1202,3.52,SOLO,Nando Eh 30,92834,272.24,341,24.9,85
6.53,2578,5.18,SOLO,queyjo_ralado,136808,274.71,498,20.7,103
5.59,5824,4.33,SOLO,wickkD神,370858,275.94,1344,22.5,302
9.48,8708,6.41,SOLO,Ѕora,455774,335.37,1359,32.4,440
2.29,16,2,SOLO,BloodAffair,2919,364.88,8,12.5,1
3,27,2.7,SOLO,Exo Vibez,2028,202.8,10,10,1
6.2,93,4.04,SOLO,Sit_Kiddo,9143,397.52,23,34.8,8
1.9,19,1.9,SOLO,XiGbY,1513,151.3,10,0,0
6.15,486,4.38,SOLO,LetMeBuildTTV,40062,360.92,111,28.8,32
5.84,2632,4.2,SOLO,NotRannar,230418,368.08,626,28,175
4.61,913,3.95,SOLO,Twitch-FpsUber,57226,247.73,231,14.3,33
7.44,2142,4.79,SOLO,twitchTV mintxd,156999,351.23,447,35.6,159
2.42,29,2.23,SOLO,Vruzed123,2717,209,13,7.7,1
4.32,82,3.28,SOLO,Kserpec,8657,346.28,25,24,6
12.95,23807,5.83,SOLO,Aêrøeu,1892526,463.06,4087,55,2249
3.91,1841,3.3,SOLO,CoereSp Giuseppe,136073,243.86,558,15.6,87
3.61,7475,3.2,SOLO,I_IcyFire_I,525059,224.96,2334,11.4,266
5,5,2.5,SOLO,Boss83022,821,410.5,2,50,1
19,38,7.6,SOLO,CngamingNiko,2295,459,5,60,3
1.62,21,1.5,SOLO,CrystalJunk420,3025,216.07,14,7.1,1
2.67,56,2.55,SOLO,EnderENY,3318,150.82,22,4.5,1
1.37,48,1.3,SOLO,Exaagon,3263,88.19,37,5.4,2
3.8,19,2.71,SOLO,FReSH3_BeAStxX,2285,326.43,7,28.6,2
1,6,1,SOLO,FxckOpiium,391,65.17,6,0,0
2,18,2,SOLO,IchMagYellow,1233,137,9,0,0
2.06,35,1.84,SOLO,iTzValten,3798,199.89,19,10.5,2
4.33,26,3.25,SOLO,kkrxny,2349,293.62,8,25,2
1.67,5,1.67,SOLO,liZZo1981,434,144.67,3,0,0
6.4,32,4,SOLO,MonkeyDSiggi,2948,368.5,8,37.5,3
4.67,14,3.5,SOLO,NeXuSDisTincTTヅ,1400,350,4,25,1
13,13,4.33,SOLO,P.a.i.i.n.Z,1615,538.33,3,66.7,2
1.67,5,1.67,SOLO,PhineasCSC,602,200.67,3,0,0
1.46,19,1.27,SOLO,PrinzENY,2417,161.13,15,13.3,2
1.75,14,1.75,SOLO,Raquu ツ,1447,180.88,8,0,0
3.33,10,3.33,SOLO,Ropzy,701,233.67,3,0,0
2.25,9,1.8,SOLO,SimpleAwake,1506,301.2,5,20,1
9,9,4.5,SOLO,TheDark_vZ,1110,555,2,50,1
2.96,68,2.62,SOLO,xNasty_RxYaL,4758,183,26,11.5,3
0.15,7,0.15,SOLO,xPhilip19x,5165,112.28,46,0,0
4,4,4,SOLO,xZInFiNiTy7,182,182,1,0,0
6,6,3,SOLO,YakuzaENY,1010,505,2,50,1
1,1,1,SOLO,YaxtoCSC,208,208,1,0,0
10.8,54,6,SOLO,YouTube-VrayST,3204,356,9,44.4,4
1.75,7,1.75,SOLO,ZanariYG-,901,225.25,4,0,0
2.75,5220,2.39,SOLO,Asdffreak14,573925,262.79,2184,13.2,288
1.86,2932,1.81,SOLO,AVERAGE.Kredox,259495,159.98,1622,2.9,47
5.84,1839,4.36,SOLO,d1rbY,126675,300.18,422,25.4,107
0.71,22,0.69,SOLO,Don Pablo E.,6471,202.22,32,3.1,1
6.2,4667,4.44,SOLO,EMP WeisseMoehre,360679,343.18,1051,28.4,298
4.65,2328,3.62,SOLO,EMP_Kawa,172405,268.13,643,22.1,142
3.09,1420,2.82,SOLO,FG dayless,96836,192.52,503,8.7,44
5.22,1211,4.34,SOLO,FG Gio,79280,284.16,279,16.8,47
3.35,1435,3.12,SOLO,FG Russak,95511,207.63,460,7,32
5.69,3894,3.66,SOLO,flawless99_,416777,392.08,1063,35.7,379
3.73,3716,2.64,SOLO,Fußfeger,469531,334.19,1405,29,408
4.28,963,2.76,SOLO,InPanix SvNy,138069,395.61,349,35.5,124
9.02,1154,5.63,SOLO,InPanix Wuuudi,79338,387.01,205,37.6,77
5.72,1385,3.38,SOLO,jstCarry_Twitch,182234,444.47,410,41,168
2.24,499,2.02,SOLO,JUGGERNAUT-YT,45102,182.6,247,9.7,24
7.87,9684,4.76,SOLO,k0nfetti_Twitch,764841,375.66,2036,39.6,806
2.12,339,2.03,SOLO,kEVSHH,32076,192.07,167,4.2,7
5.57,2477,3.44,SOLO,ManjaFi,280178,389.14,720,38.2,275
8.21,345,5.39,SOLO,mouz Möps,23356,364.94,64,34.4,22
11.23,2157,5.75,SOLO,mQuark,174638,465.7,375,48.8,183
6.45,1973,4.77,SOLO,NícKK,133763,323.1,414,26.1,108
2.05,2603,1.88,SOLO,NSI_SoulHunter,329645,238.7,1381,8,111
2.78,4611,2.62,SOLO,OMIKRON.ZanDoX,327980,186.67,1757,5.5,97
3.65,3236,3,SOLO,p h i l,282608,261.67,1080,17.9,193
3.23,3291,2.79,SOLO,Prevax,249234,211.22,1180,13.6,160
4.49,3009,3.52,SOLO,Prime President,253534,296.18,856,21.7,186
3.77,3889,3.21,SOLO,RPT Daineira,334580,276.28,1211,14.9,180
5.26,1551,3.51,SOLO,SC0RPEX,146819,332.17,442,33.3,147
3.49,2899,3.1,SOLO,SPIRIT Downley,195788,209.4,935,11.1,104
4.21,366,3.33,SOLO,SPIRIT siroqz,34340,312.18,110,20.9,23
3.42,4144,2.76,SOLO,sT Landlord,414789,276.53,1500,19.2,288
3.65,9836,3.06,SOLO,sT Rippchen,783512,243.78,3214,16.2,521
2.92,3709,2.37,SOLO,SwitchUMG,422768,270.48,1563,18.8,294
6.19,2595,4.62,SOLO,thrustz,171313,304.83,562,25.4,143
12.51,14985,6.57,SOLO,Twitch L3and3Boy,982682,430.81,2281,47.5,1083
4.2,172,3.66,SOLO,TWITCH xDreamZTV,10193,216.87,47,12.8,6
8.92,12571,5.34,SOLO,Twitch_Netwar_,1016729,432.28,2352,40.1,943
3.36,3025,2.77,SOLO,Twitch_Raavo0x,290208,265.76,1092,17.7,193
6.84,1244,3.65,SOLO,Twitch_zMatriicx,151010,442.84,341,46.6,159
5.05,2210,4.18,SOLO,twitchprrkk,140374,265.36,529,17.2,91
5.65,2911,3.77,SOLO,TWlTCH inc_Price,287325,372.18,772,33.3,257
4.36,3306,3.52,SOLO,Wolfツ,271609,289.56,938,19.1,179
3.42,7133,2.87,SOLO,xd Sariusツ,611664,245.75,2489,16.3,406
4.17,1064,3.41,SOLO,xRaider.,86011,275.68,312,18.3,57
7.61,4064,4.9,SOLO,Xypher Pepper,290348,350.24,829,35.6,295
5.8,10882,4.37,SOLO,ZakayZocktTV,843770,339.14,2488,24.6,612
3.73,5675,3.01,SOLO,αημεδ,454346,241.03,1885,19.2,362
9.88,79,4.39,SOLO,pasDuno,7335,407.5,18,55.6,10
3.57,25,3.57,SOLO,VP Shneezin,1375,196.43,7,0,0
5,30,3.33,SOLO,XBL uBaq,2231,247.89,9,33.3,3
28,28,5.6,SOLO,hransen,2825,565,5,80,4
3.37,1444,2.95,SOLO,NicklasAlfred,32526,66.38,490,12.4,61
2.5,5,2.5,SOLO,Ziggiking90,660,330,2,0,0
6.33,4492,4.7,SOLO,M8ay,287895,301.15,956,25.7,246
5.59,2576,4.55,SOLO,NxG Str0nkTV,156680,276.82,566,18.6,105
7.72,2015,4.82,SOLO,Sutsko,167764,401.35,418,37.6,157
3.4,2209,3.08,SOLO,SvendPro,125188,174.36,718,9.6,69
8.89,11712,5.33,SOLO,Twitch_Dkokholm,862285,392.13,2199,40.1,882
6.27,163,3.7,SOLO,Twitch TBEGlory,15525,352.84,44,40.9,18
9.65,7360,5.76,SOLO,Markeloff05,477107,373.62,1277,40.3,514
2.06,2544,1.87,SOLO,I Seolhyun I,339308,250.04,1357,9.2,125
3.82,1198,3.17,SOLO,WAP Raas,106377,281.42,378,16.9,64
4.11,37,3.36,SOLO,NoSkiLL-_-,3254,295.82,11,18.2,2
7.13,5099,5.41,SOLO,AQ TwtchReyes37,266790,282.92,943,24.2,228
4.95,1594,3.26,SOLO,Blessed KennyDX,195513,399.82,489,34.2,167
6.44,5375,4.59,SOLO,DRA Broken,367062,313.73,1170,28.6,335
5.73,4607,3.65,SOLO,Frnzgodness,483851,383.7,1261,36.2,457
1.27,813,1.24,SOLO,JMO Khaleesiu,115317,176.06,655,2.6,17
1.95,2495,1.83,SOLO,JMO subman,274945,201.28,1366,6.4,87
3.15,3126,2.68,SOLO,Manoloka7,333504,285.78,1167,14.9,174
8,8,4,SOLO,arttu01,623,311.5,2,50,1
2.78,3086,2.47,SOLO,Leevi L,289291,231.8,1248,11.1,138
13.54,3359,7.43,SOLO,Romez,207326,458.69,452,45.1,204
10.83,8710,6.23,SOLO,turtlezzA,559233,400.31,1397,42.4,593
3.58,5959,3.08,SOLO,Twitch Raimmu,432128,223.09,1937,14.1,274
11.33,22165,6.37,SOLO,twitchstonde1337,1444198,414.76,3482,43.8,1525
7,7,3.5,SOLO,KaRMaZ_Niper,860,430,2,50,1
4,4,4,SOLO,uCxntKillMe-,605,605,1,100,1
3.47,2506,3.13,SOLO,Kouyaler_,185620,232.02,800,9.8,78
6.03,8222,4.74,SOLO,PopiGames,457913,264.08,1734,21.3,370
2.46,1997,2.32,SOLO,pylaa,152257,177.04,860,5.6,48
4.97,5344,3.62,SOLO,TaL Len,438893,296.95,1478,27.2,402
4.58,6019,3.75,SOLO,TwitchGowtyx,371702,231.73,1604,18.1,290
3.83,138,3.63,SOLO,Zakerum,7788,204.95,38,5.3,2
3.85,50,3.12,SOLO,AlexRamiGaming,5022,313.88,16,18.8,3
1.7,17,1.55,SOLO,Faantaz,2429,220.82,11,9.1,1
1.33,8,1.33,SOLO,kshiiy-,741,123.5,6,0,0
1.54,173,1.49,SOLO,LualdiDylan,19334,166.67,116,3.4,4
7,7,7,SOLO,Murrell220,505,505,1,0,0
1.5,3,1.5,SOLO,Outpacing,188,94,2,0,0
3.9,39,3,SOLO,Red_DeviI_7_,4712,362.46,13,23.1,3
3.93,59,3.47,SOLO,Rob Hanson,3668,215.76,17,11.8,2
1.29,297,1.25,SOLO,RoT8_Cava,39798,167.22,238,2.9,7
1.47,28,1.4,SOLO,RoT8_Hobo,3745,187.25,20,5,1
11,22,5.5,SOLO,Silly_kiwi,1477,369.25,4,50,2
19,19,6.33,SOLO,Sp3cialForce21,1815,605,3,100,3
5.2,52,3.25,SOLO,YT_GoKuPlays,6955,434.69,16,37.5,6
3.88,1958,3.46,SOLO,DARKREAPA,123473,218.15,566,11,62
5.21,3466,3.82,SOLO,DeeCee.,310653,342.51,907,26.7,242
2.48,1963,2.34,SOLO,Easyeadie22,167476,199.85,838,5.4,45
4.19,603,3.53,SOLO,ISwaZz,56989,333.27,171,15.8,27
4.37,4340,3.39,SOLO,JackRyanFox,342578,267.64,1280,22.3,286
5.06,3439,3.7,SOLO,L e g l e s s,309080,332.7,929,26.9,250
5.08,1462,4.19,SOLO,Meggsey,82401,236.11,349,17.5,61
3.77,1221,3.33,SOLO,Nenwin,92858,253.02,367,11.7,43
5.46,1528,4.27,SOLO,Tiimmehh,102165,285.38,358,21.8,78
16.92,9612,7.24,SOLO,TTV_JakeTheBrit,654940,493.55,1327,57.2,759
3.45,7039,2.9,SOLO,Twitch Revert_,622111,256.01,2430,16.1,391
7.77,2253,4.65,SOLO,Twitch_TheSpud88,219662,452.91,485,40.2,195
29,58,6.44,SOLO,chompadomp,4778,530.89,9,77.8,7
2.74,52,2.6,SOLO,EVN8,2744,137.2,20,5,1
3.67,22,2.75,SOLO,Twitch JaamZXBL,2154,269.25,8,25,2
3.64,80,2.86,SOLO,xd Lorzy,7638,272.79,28,21.4,6
4.69,10475,3.94,SOLO,Twitch_Lamucaa,527019,198.2,2659,16,426
13.6,42705,6.74,SOLO,COOLER eXzacT,2845127,449.18,6334,50.4,3195
3.8,2069,3.03,SOLO,K1NGred-YT,159625,233.71,683,20.2,138
6.93,8312,4.55,SOLO,Twitch.tv_eXes3,648741,355.47,1825,34.3,626
7.73,7698,4.88,SOLO,Fl4shX,509028,322.37,1579,36.9,583
5.44,5654,3.88,SOLO,PyKo,457174,313.99,1456,28.6,417
11.73,7622,6.34,SOLO,AlterEgo.Feezle,507933,422.22,1203,46,553
9,9,4.5,SOLO,Kleiny12303,760,380,2,50,1
0.32,6,0.32,SOLO,CAPful57,4578,240.95,19,0,0
12,12,6,SOLO,STREKZO,1210,605,2,100,2
3.04,478,2.88,SOLO,REA_AgiOz,33634,202.61,166,5.4,9
26,26,4.33,SOLO,GansHyper,3125,520.83,6,83.3,5
1.09,12,1.09,SOLO,psn(hat_720),2497,227,11,0,0
2,2,2,SOLO,T_xvs_M,405,405,1,0,0
2,4,2,SOLO,Tommy_Lee_JonesY,374,187,2,0,0
1.62,26,1.53,SOLO,だいこん2003,2179,128.18,17,5.9,1
1,1,1,SOLO,のあ太郎,112,112,1,0,0
5,15,3,SOLO,ひら9999,1982,396.4,5,40,2
5.82,2176,4.16,SOLO,994gon,171474,327.87,523,28.5,149
7.17,4818,5.29,SOLO,bykn.nR,279828,307.17,911,26.2,239
4.89,1908,3.88,SOLO,CB Kushi,134406,273.18,492,20.7,102
2.96,1640,2.58,SOLO,CB ShinjiSenpai,168665,265.2,636,12.9,82
3,899,2.69,SOLO,CB Shioko,73108,218.89,334,10.2,34
3.7,800,3.19,SOLO,CB yakulto_,69466,276.76,251,13.9,35
6.15,9844,4.92,SOLO,I GOT_THIS,638837,319.1,2002,20.1,402
4.17,1730,3.26,SOLO,kuri_CoC_,175397,330.94,530,21.7,115
4.82,294,3.23,SOLO,LaZy Ashfade,33069,363.4,91,33,30
3.13,611,2.74,SOLO,LaZy STEEEAL,60154,269.75,223,12.6,28
7.07,5530,4.87,SOLO,LeXy べる,386332,340.38,1135,31.1,353
7.34,8746,4.53,SOLO,Nephrite2,718467,372.07,1931,38.3,739
4.29,691,3.16,SOLO,NGE.JP_Manji,84953,387.91,219,26.5,58
3.91,4680,3.31,SOLO,S P A C E Z,405720,286.73,1415,15.3,217
3.22,509,3.01,SOLO,shine-w-,33777,199.86,169,6.5,11
2.75,784,2.47,SOLO,toumoku,69197,217.6,318,10.4,33
4.67,2116,3.58,SOLO,りゅのび,179547,303.8,591,23.4,138
7.37,1932,4.23,SOLO,寺田ㅤ,199699,436.98,457,42.7,195
3.74,3213,3.08,SOLO,525KR,311021,297.91,1044,17.8,186
7.16,4703,4.75,SOLO,Carnage_FitU,367009,370.72,990,33.6,333
5.93,3320,4.4,SOLO,Carnage_milfy,228469,303.01,754,25.7,194
7.22,4377,5.42,SOLO,Korypton,236958,293.26,808,25,202
5.92,5661,4.11,SOLO,NoC Rabbit,493151,357.87,1378,30.6,421
4.91,4153,3.61,SOLO,NON_PLAYER,391004,339.71,1151,26.6,306
5.86,3964,4.31,SOLO,Space Infinity E,304334,331.16,919,26.4,243
8.71,15138,5.94,SOLO,TOP_Aimhero_o,840135,329.59,2549,31.8,810
6.06,4815,4.02,SOLO,WANTED_Tsunami,463618,386.99,1198,33.7,404
5.73,6999,4.1,SOLO,WGS_김수현,591038,346.24,1707,28.4,485
7.52,6619,4.85,SOLO,ym1n,478113,350.27,1365,35.5,485
6.05,5978,4.27,SOLO,넌 이 죽,412000,294.29,1400,29.4,412
8.27,18220,5.69,SOLO,무조건하드캐리,1017874,318.09,3200,31.2,998
5.43,4474,3.99,SOLO,성 호 님,373518,333.5,1120,26.4,296
4.27,3127,3.26,SOLO,에이스에이스,271829,283.45,959,23.6,226
5.1,4270,3.78,SOLO,함대길,407504,360.94,1129,25.9,292
7.61,1416,4.64,SOLO,Paprastukas,95421,312.86,305,39,119
2.58,3252,2.23,SOLO,TTV ImSnapshot,409954,281.56,1456,13.5,196
1.43,10,1.43,SOLO,JDaiser 9,1043,149,7,0,0
3,6,3,SOLO,JJeorvalCM,590,295,2,0,0
21.67,65,6.5,SOLO,Zafuran_,5285,528.5,10,70,7
2.1,593,1.86,SOLO,TTV_Tzuyu,81098,254.23,319,11.6,37
19.75,79,8.78,SOLO,Alibatsbak,4129,458.78,9,55.6,5
11,11,3.67,SOLO,GODZ_QUIN,1793,597.67,3,100,3
0.93,28,0.9,SOLO,iFinq,4129,133.19,31,3.2,1
2.52,53,2.21,SOLO,patrickgamer90,5465,227.71,24,12.5,3
2.86,20,1.82,SOLO,sR_DonVK,2647,240.64,11,36.4,4
12.17,146,5.41,SOLO,sR_Purple070,10967,406.19,27,55.6,15
1.5,6,1.5,SOLO,StefanRVH,380,95,4,0,0
1.13,53,1.1,SOLO,Wsftw,5637,117.44,48,2.1,1
3.27,1679,2.99,SOLO,Agrowyn,99044,176.23,562,8.5,48
5.78,1289,4.4,SOLO,ECV_DutchPR1ME,59394,202.71,293,23.9,70
1.45,2786,1.41,SOLO,ECV_HeritorTV,256689,129.51,1982,2.7,54
5.83,1773,4.47,SOLO,M33P_,118402,298.24,397,23.4,93
5.14,1007,3.93,SOLO,Mikos TTV,87963,343.61,256,23.4,60
5.49,675,4.02,SOLO,SK_Loyal,51172,304.6,168,26.8,45
2.14,169,1.97,SOLO,Squirrelxxl,22531,261.99,86,8.1,7
2.32,387,2.22,SOLO,TheMysteries,34491,198.22,174,4,7
3.31,450,2.85,SOLO,Trаshy,40545,256.61,158,13.9,22
5.04,4745,4.16,SOLO,Вrоke,300716,263.79,1140,17.4,198
5.38,43,3.58,SOLO,xbl(Murdahm),3680,306.67,12,33.3,4
2.8,14,2.33,SOLO,Holseth,1457,242.83,6,16.7,1
6.88,55,3.93,SOLO,Joak97,4614,329.57,14,42.9,6
0.62,5,0.62,SOLO,Zeliize,1608,201,8,0,0
5.09,168,4.42,SOLO,Chuckxtar,9054,238.26,38,13.2,5
5.03,3966,4.03,SOLO,DreamZ Sundklakツ,266074,270.13,985,19.9,196
6.67,4045,4.8,SOLO,Skauen.,276223,327.67,843,28.1,237
8.05,8804,5.53,SOLO,TwitchSyrtekz_Tv,531001,333.33,1593,31.4,500
4.21,80,3.48,SOLO,Juxtapositionz,4711,204.83,23,17.4,4
17.33,52,7.43,SOLO,OTB JayT,2944,420.57,7,57.1,4
29,29,5.8,SOLO,Adrian11xXPL,2797,559.4,5,80,4
5.75,3631,3.94,SOLO,Cypis_YT,321929,349.16,922,31.5,290
3.48,2766,3.08,SOLO,Dejziu,204509,227.99,897,11.4,102
3.37,2162,2.96,SOLO,ExistFEAR Paciej,172548,236.37,730,12.1,88
7.65,7262,4.88,SOLO,FilipThh,552601,371.12,1489,36.3,540
3.48,8638,3.03,SOLO,GROM dzosefff,669307,234.43,2855,13.1,373
3.47,410,2.93,SOLO,Hencio,31912,227.94,140,15.7,22
4.54,4226,3.57,SOLO,INVIZY Mandii,316719,267.5,1184,21.4,253
10.8,8790,6.14,SOLO,JarkoS.,528171,369.09,1431,43.1,617
4.31,5454,3.72,SOLO,mocarzz,364262,248.64,1465,13.7,201
4.63,6562,3.81,SOLO,MRJ0ckey99,459078,266.75,1721,17.6,303
4.64,497,3.91,SOLO,s1cK.nyczu,33158,261.09,127,15.7,20
3.58,4224,3.02,SOLO,ッBeasT,372257,265.9,1400,15.7,220
5.34,7276,4.31,SOLO,Hyeouk,434326,257.15,1689,19.4,327
2.35,3763,2.06,SOLO,Macof,472558,258.23,1830,12.7,232
12.99,3156,6.47,SOLO,PANG VoVo,221034,452.94,488,50.2,245
6.05,8710,4.32,SOLO,Cat6 Be Careful,654205,324.35,2017,28.6,577
4.64,10370,3.64,SOLO,Markonix.YT,800027,280.61,2851,21.7,618
2.74,540,2.66,SOLO,Lastliving,38427,189.3,203,3,6
10.04,5424,6.11,SOLO,TSG T4im,322275,363.33,887,39.1,347
4.84,4319,3.78,SOLO,Z1REX-,384217,335.85,1144,22,252
3.15,3635,2.88,SOLO,ihero4ever,266388,211.25,1261,8.5,107
3.42,4722,3.16,SOLO,K A I O X,276880,185.33,1494,7.6,114
5.95,3354,4.2,SOLO,OTW NJR,268832,336.88,798,29.3,234
4.9,6542,4.17,SOLO,TTv.xiA7R,391462,249.66,1568,14.9,234
4.21,1224,3.56,SOLO,vagnaR-,85465,248.44,344,15.4,53
1,3,1,SOLO,G1ngerPojken,443,147.67,3,0,0
2.33,7,2.33,SOLO,rakin01,582,194,3,0,0
6.66,4261,4.6,SOLO,Abêlstan,255631,276.06,926,30.9,286
9.63,11062,5.82,SOLO,Beethovenא,707645,372.25,1901,39.6,752
5.09,895,4.43,SOLO,Champuru,46905,232.2,202,12.9,26
5.8,3602,4.46,SOLO,Ekw3nsu.TV,241207,298.89,807,23,186
2.11,1235,1.93,SOLO,EyeGaming WarG,174486,273.06,639,8.6,55
7.95,3585,5.47,SOLO,haHAA Npish btw,216776,330.96,655,31.1,204
7.41,4189,5.22,SOLO,MEWIIE,241609,300.88,803,29.6,238
4.74,5006,3.24,SOLO,MightyHolo TTV,570841,369.24,1546,31.6,489
7.99,1591,4.94,SOLO,Rеyеd,130194,404.33,322,38.2,123
2.53,745,2.17,SOLO,SSK-JW,93610,272.12,344,14.2,49
3.36,3084,2.85,SOLO,ttv wozbror,250250,231.5,1081,15.1,163
8.25,8096,5.12,SOLO,Twitch Dealersz,560623,354.6,1581,38,600
2.44,1600,2.35,SOLO,Twitch wKiMmeH,113119,166.11,681,3.7,25
3.98,3355,3.37,SOLO,Twitch.tv Woriah,265236,266.3,996,15.5,154
4.89,4058,4.1,SOLO,Twitch_Delpzie,235616,238.24,989,16.1,159
7.54,5343,4.97,SOLO,Twitch_Detooxtv,356337,331.48,1075,34,366
11.42,11097,6.07,SOLO,TwitchAlphaAmons,781615,427.35,1829,46.9,857
5.56,5892,4.11,SOLO,lnvoke,454848,316.97,1435,26.2,376
7.63,3441,4.92,SOLO,NoU_Pasjidadi,248852,356.01,699,35.5,248
6.4,1869,4.32,SOLO,NoU_Xact,144601,333.95,433,32.6,141
6.58,13248,4.66,SOLO,twitchInsan3Lik3,891715,313.76,2842,29.1,828
4.4,5261,3.68,SOLO,pso.,382329,267.74,1428,16.2,232
3.07,4234,2.81,SOLO,DDoS I MRX,329916,218.92,1507,8.6,130
3.35,6590,2.93,SOLO,DDoS I Sweny,487455,216.94,2247,12.4,279
3.22,1979,2.85,SOLO,SPC MerSa,163343,235.36,694,11.5,80
4.37,9453,3.49,SOLO,StrawBerry MîLK,782604,288.89,2709,20.1,545
5.85,76,4.47,SOLO,Circle_To_Build,4750,279.41,17,23.5,4
0.69,9,0.69,SOLO,Deon_SC,1032,79.38,13,0,0
1.38,18,1.29,SOLO,GODZILLApsn,3129,223.5,14,7.1,1
2.2,22,1.83,SOLO,iReqsy,3180,265,12,16.7,2
3.8,57,3.17,SOLO,JTolerance,4651,258.39,18,16.7,3
8,96,5.65,SOLO,JUNYASK1LLZZ,5551,326.53,17,29.4,5
1.69,27,1.69,SOLO,MarksTerritoryTV,3311,206.94,16,0,0
8,8,4,SOLO,MikeyFnBrennan2,1210,605,2,100,2
2.13,32,2,SOLO,MutilashuN,1554,97.12,16,6.2,1
1.57,11,1.57,SOLO,The_One_Dream,925,132.14,7,0,0
1,3,1,SOLO,Twitch_madeofham,744,248,3,0,0
2.4,36,2.4,SOLO,WIDeYEZ,2167,144.47,15,0,0
2.71,740,2.42,SOLO,1c7,64661,211.31,306,10.8,33
6.77,318,4.61,SOLO,Airrun7,25722,372.78,69,31.9,22
9.93,6502,4.93,SOLO,Alehx,571031,432.6,1320,50.4,665
8.98,14567,5.68,SOLO,BudzyTV,880832,343.67,2563,36.7,940
5.34,4925,4.26,SOLO,Chilla_Deluxe,323854,280.15,1156,20.2,233
6.61,357,5.03,SOLO,Crooks5,26801,377.48,71,23.9,17
3.33,629,2.98,SOLO,do-not blink,57080,270.52,211,10.4,22
2.63,444,2.43,SOLO,FLOSS-EM,39533,216.03,183,7.7,14
4.13,1903,3.6,SOLO,FPS_Shwip,135931,257.45,528,12.7,67
4.39,2008,3.77,SOLO,Holy MoIy,117907,221.21,533,14.3,76
5.38,565,4.38,SOLO,hood pug,35052,271.72,129,18.6,24
2.92,1410,2.65,SOLO,Hyреr,122556,230.37,532,9.2,49
3.42,2609,3.13,SOLO,killacounty TTV,180129,215.98,834,8.5,71
4.15,2106,3.42,SOLO,little sweaty,163263,265.04,616,17.7,109
3.9,1253,3.38,SOLO,LOLDEFUSE,89302,240.71,371,13.5,50
2.09,1131,2.03,SOLO,mrpandr,90183,161.91,557,2.7,15
9.18,3599,5.92,SOLO,oUt-N-iN.,230321,378.82,608,35.5,216
2.38,1047,2.25,SOLO,roidZz_,92557,199.05,465,5.6,26
3.25,9273,2.57,SOLO,Ryanator_YT,1000433,277.44,3606,20.8,750
5.75,2513,4.71,SOLO,staticillusion,140676,263.44,534,18.2,97
6.67,40,4.44,SOLO,The8thWonder,3165,351.67,9,33.3,3
3.62,2730,3.22,SOLO,Travеy,175587,206.82,849,11.2,95
5.65,1796,4.62,SOLO,Troflecopterr,106116,272.79,389,18.3,71
5.89,6278,3.99,SOLO,TTV 3000IQPlayer,573590,364.42,1574,32.3,509
3.5,2791,3.19,SOLO,TTV iBruno,177574,202.94,875,8.8,77
4.89,11975,3.83,SOLO,ttvTheGamingOwl,943917,302.15,3124,21.6,674
5.97,4109,4.81,SOLO,twitch.EpikWhale,211445,247.3,855,19.5,167
5.3,2540,4.26,SOLO,TwitchTwistedAK,177509,297.83,596,19.6,117
1.91,248,1.85,SOLO,uncle_fubar,26028,194.24,134,3,4
5.15,8255,3.83,SOLO,void556,692791,321.33,2156,25.6,553
5.35,12588,4.2,SOLO,Wrathinel TTV,917822,306.14,2998,21.6,647
2.38,495,2.24,SOLO,xeno -_0,39894,180.52,221,5.9,13
9.95,3403,5.04,SOLO,Youtube ashenFN,312053,462.3,675,49.3,333
3.13,6719,2.56,SOLO,δwanδong,861364,328.76,2620,18.2,476
1,3,1,SOLO,AlrightConor,529,176.33,3,0,0
2.25,9,2.25,SOLO,Andomaje31,643,160.75,4,0,0
9.25,37,6.17,SOLO,Brandon070242,2749,458.17,6,33.3,2
7,7,7,SOLO,Dash facover,201,201,1,0,0
0.33,1,0.33,SOLO,DGK Acid,614,204.67,3,0,0
10,10,10,SOLO,DocileXBL,594,594,1,100,1
0.67,16,0.67,SOLO,Evaysive,2765,115.21,24,0,0
1,3,1,SOLO,Fai1edAbortion,244,81.33,3,0,0
0.2,1,0.2,SOLO,Global cT,907,181.4,5,0,0
2.9,29,2.42,SOLO,MrManTheGod,3223,268.58,12,16.7,2
0.63,64,0.63,SOLO,Not in xT,10235,101.34,101,0,0
11.25,45,3.75,SOLO,ObsidianLag,6153,512.75,12,66.7,8
5.77,75,4.41,SOLO,oGHOS7 187o,4616,271.53,17,23.5,4
2.48,62,2.38,SOLO,Pawsedxbl,4293,165.12,26,3.8,1
2.5,5,2.5,SOLO,Poofn,274,137,2,0,0
2.06,37,2.06,SOLO,TheSasSquash,2477,137.61,18,0,0
6.5,13,4.33,SOLO,TTV_SIGNIFLCANCE,1264,421.33,3,33.3,1
13,13,3.25,SOLO,Twitch DripTD,1923,480.75,4,75,3
11,55,6.11,SOLO,Twitch Flossen,4037,448.56,9,44.4,4
10.4,52,5.78,SOLO,Twitch.ImSnapsy,3418,379.78,9,44.4,4
0.6,3,0.6,SOLO,xPhilthy,698,139.6,5,0,0
1,6,1,DUO,Abc123Def4563,1035,172.5,6,0,0
20,60,6.67,DUO,Aliche_,4788,532,9,66.7,6
4.67,42,3.5,DUO,Alucco,3802,316.83,12,25,3
2.67,16,2.67,DUO,Bngi-,1853,308.83,6,0,0
2,4,2,DUO,DAxBLAKxMAMBA,328,164,2,0,0
1,1,1,DUO,dukeshooter69,405,405,1,0,0
4.45,49,3.5,DUO,flo_mc8,5303,378.79,14,21.4,3
6.75,27,5.4,DUO,fohrtnlte,1484,296.8,5,20,1
0.73,8,0.73,DUO,FortNiteLew,1484,134.91,11,0,0
5.57,39,3.9,DUO,hatunemikuru,4252,425.2,10,30,3
3.43,24,3.43,DUO,I_Breadstick,1231,175.86,7,0,0
1,3,1,DUO,ichameleoni,241,80.33,3,0,0
5,35,3.5,DUO,Ivan-_-A,4301,430.1,10,30,3
1,3,1,DUO,KanalmanN,358,119.33,3,0,0
20,20,6.67,DUO,Keener33,1820,606.67,3,66.7,2
1,1,1,DUO,KOUYA_KOUDOUwwww,227,227,1,0,0
3,3,3,DUO,leng1upp,109,109,1,0,0
5.67,17,4.25,DUO,llKratos-,1310,327.5,4,25,1
1,2,1,DUO,luck_GoMi,544,272,2,0,0
3,3,3,DUO,MonkeyDArian,304,304,1,0,0
3,3,3,DUO,ParanoiaJooker,284,284,1,0,0
26,26,5.2,DUO,SAFCMAD4IT,3176,635.2,5,80,4
13,26,4.33,DUO,Sufi-Q,3189,531.5,6,66.7,4
0.83,10,0.83,DUO,thegolfingcrip,1237,103.08,12,0,0
3.67,44,2.75,DUO,Twitch_Kxrima,5664,354,16,25,4
1,3,1,DUO,xblueblackx,117,39,3,0,0
0.5,1,0.5,DUO,XX_TheCounterBos,507,253.5,2,0,0
7,7,3.5,DUO,Zabijak0666,724,362,2,50,1
10,40,5.71,DUO,あすかいず,3055,436.43,7,42.9,3
1,1,1,DUO,真司3,127,127,1,0,0
5,95,4.32,DUO,C Y N,6764,307.45,22,13.6,3
5.33,6332,4.21,DUO,GoldenJ.,490243,325.74,1505,21.1,318
8.62,1414,4.04,DUO,HORRID_PLAYER,170333,486.67,350,53.1,186
3.75,3105,3.31,DUO,Im Bad ツ,242477,258.23,939,11.8,111
4.56,3346,3.35,DUO,JoeArcher,358966,359.33,999,26.5,265
8.83,3505,5.17,DUO,Kraze-,309558,456.58,678,41.4,281
1.38,191,1.35,DUO,Moorro,23514,165.59,142,2.8,4
9.48,8520,4.9,DUO,MrDoom TTV,892893,513.75,1738,48.3,839
7.74,4058,4.52,DUO,Outcold415,399190,444.53,898,41.6,374
3.61,1503,3.29,DUO,Pinktongue,105245,230.3,457,9,41
6.57,6006,4.18,DUO,Talent .,599371,417.1,1437,36.4,523
5.52,5167,3.56,DUO,terror.exe,599299,413.02,1451,35.5,515
5.45,3503,4.23,DUO,therealgod.,279551,337.62,828,22.3,185
4.24,5037,3.41,DUO,Top500DuoRektU,444884,301.62,1475,19.5,287
0.38,122,0.38,DUO,TrmPnapovski,69051,212.46,325,2.2,7
3.53,3096,2.85,DUO,TTV H2OStill,326837,300.95,1086,19.2,209
5.81,5570,4.34,DUO,Twitch.SleepyFN,409537,319.45,1282,25.2,323
5.44,3310,3.74,DUO,TwitchEmperorOne,338407,382.81,884,31.1,275
3.93,3537,3.22,DUO,WashedUpTimboTTV,336497,305.91,1100,18.1,199
5.92,6364,4.65,DUO,Zαch,422100,308.33,1369,21.5,294
10.1,2152,4.35,DUO,Λɢɢяσ,259963,525.18,495,57,282
3.7,1786,3.35,DUO,한발1킬,122010,228.91,533,9.4,50
4.56,41,2.73,DUO,14N1,6372,424.8,15,40,6
4,4,4,DUO,Aydean,276,276,1,0,0
18,18,6,DUO,BuLLyZenon,2099,699.67,3,100,3
4.73,71,3.94,DUO,Champism,5526,307,18,16.7,3
1,1,1,DUO,ELITEKILLER101x,255,255,1,0,0
2.91,478,2.04,DUO,Frkin Chaos,93713,400.48,234,29.9,70
7,14,4.67,DUO,InsaneAU,1103,367.67,3,33.3,1
5,5,5,DUO,Jared BA,405,405,1,0,0
4,4,4,DUO,jcappy,625,625,1,100,1
3,3,3,DUO,King Churren,193,193,1,0,0
2.3,23,2.3,DUO,Mauvn,2338,233.8,10,0,0
3.74,86,2.97,DUO,NR Jordan,7698,265.45,29,20.7,6
1,2,1,DUO,Philly_B,165,82.5,2,0,0
3,3,1.5,DUO,screech111,1290,645,2,100,2
1,3,1,DUO,The_Dolt,287,95.67,3,0,0
8,8,8,DUO,WolfSnD0505,685,685,1,100,1
4,8,4,DUO,Wοh,438,219,2,0,0
2.86,40,2.86,DUO,Young Susanoo,3166,226.14,14,0,0
6.86,48,5.33,DUO,Zexpraa,3464,384.89,9,22.2,2
9.5,19,4.75,DUO,SE-iiFreaKz,1877,469.25,4,50,2
4.83,29,3.62,DUO,Valen30020,2711,338.88,8,25,2
9,9,4.5,DUO,zNobJoZ,1409,704.5,2,100,2
3.34,794,3,DUO,Aircry,60073,226.69,265,10.2,27
8.09,3754,3.79,DUO,DH LGx,477085,481.9,990,53.1,526
6.55,3982,3.93,DUO,Goиza,435181,429.6,1013,40,405
4.49,1302,2.91,DUO,ISG LightPlanet,177927,398.05,447,35.1,157
4.33,3315,2.91,DUO,Meolans,433150,380.29,1139,32.7,373
1.57,11,1.38,DUO,AykanBomaye,1348,168.5,8,12.5,1
4.67,14,4.67,DUO,KyuubiiOG,1445,481.67,3,0,0
3.93,55,3.44,DUO,Predizions,3189,199.31,16,12.5,2
5,3745,3.85,DUO,Prime Tydix,310362,318.97,973,23,224
25,25,8.33,DUO,Alqeu,1465,488.33,3,66.7,2
19,38,7.6,DUO,BradleyGrodon69,2311,462.2,5,60,3
24.67,74,6.73,DUO,eDOGtheSavage-,6057,550.64,11,72.7,8
12.38,161,5.37,DUO,EJLad,15313,510.43,30,56.7,17
8.83,53,3.53,DUO,Parqn,7435,495.67,15,60,9
5.06,86,4.3,DUO,Twitch_kojos,5642,282.1,20,15,3
3.22,5859,2.77,DUO,CaliFN,577228,273.05,2114,13.9,293
6.53,2847,3.99,DUO,girkler,313397,439.55,713,38.8,277
4.6,5433,3.65,DUO,JAM Em Dee,464119,312.12,1487,20.5,305
37.77,5666,8.84,DUO,RNG mrfreshasian,416046,649.06,641,76.6,491
5.62,950,3.05,DUO,SitOnThis,153370,493.15,311,45.7,142
6.2,31,5.17,DUO,BiggSamoan187,1785,297.5,6,16.7,1
70,70,6.36,DUO,Evolveds_,7386,671.45,11,90.9,10
9,36,4,DUO,Sorif,4172,463.56,9,55.6,5
9.94,159,5.48,DUO,TC llAndrew,11904,410.48,29,44.8,13
4.43,2498,3.63,DUO,WakeUpIznajIstin,199891,290.12,689,18.1,125
3.87,3460,3.15,DUO,xISammie,324970,295.97,1098,18.6,204
11.67,35,4.38,DUO,lx-Rezerekt-xl,4199,524.88,8,62.5,5
2.98,4636,2.46,DUO,Mishoangelo,528898,280.88,1883,17.3,325
19.73,2664,7.57,DUO,November 26th,190567,541.38,352,61.6,217
2.67,3641,2.19,DUO,Blightwalker,518677,311.7,1664,18.1,302
9.27,5849,5.1,DUO,BrW0lf,553430,482.92,1146,44.9,515
9.43,3019,4.7,DUO,Nando Eh 30,314752,490.27,642,50.2,322
9.97,14173,5.56,DUO,queyjo_ralado,1095254,430.02,2547,44.2,1126
8.98,10232,4.68,DUO,wickkD神,1005475,459.75,2187,47.9,1048
9.24,8319,6.63,DUO,Ѕora,455805,363.48,1254,28.2,354
11,33,3.67,DUO,NightmareVoque,5422,602.44,9,66.7,6
4,4,4,DUO,dielawnz,149,149,1,0,0
9,18,4.5,DUO,Sit_Kiddo,1908,477,4,50,2
1,1,1,DUO,XiGbY,118,118,1,0,0
11.21,3655,5.16,DUO,LetMeBuildTTV,367201,517.91,709,54,383
6.27,8602,4.44,DUO,NotRannar,701501,362.35,1936,29.1,564
4.73,2831,3.81,DUO,Twitch-FpsUber,226816,304.86,744,19.5,145
5.41,4440,4.62,DUO,twitchTV mintxd,222948,231.75,962,14.7,141
1,4,1,DUO,Kserpec,528,132,4,0,0
6.05,3249,4.31,DUO,Aêrøeu,278718,370.14,753,28.7,216
3.73,4039,3.03,DUO,CoereSp Giuseppe,389007,292.27,1331,18.6,247
2.55,2541,2.35,DUO,I_IcyFire_I,242633,224.04,1083,7.8,85
8.5,51,3.92,DUO,Boss83022,6906,531.23,13,53.8,7
12.17,73,5.62,DUO,CngamingNiko,6495,499.62,13,53.8,7
2.8,14,2.33,DUO,CrystalJunk420,1644,274,6,16.7,1
35,35,3.89,DUO,EnderENY,5395,599.44,9,88.9,8
1.44,36,1.44,DUO,Exaagon,4284,171.36,25,0,0
1,1,1,DUO,FReSH3_BeAStxX,105,105,1,0,0
3,6,3,DUO,FxckOpiium,662,331,2,0,0
9,27,5.4,DUO,Goldi7777777,1944,388.8,5,40,2
4.33,13,4.33,DUO,IchMagYellow,611,203.67,3,0,0
7.5,15,3.75,DUO,InceptionXI,2038,509.5,4,50,2
2.5,60,2,DUO,iTzValten,9046,301.53,30,20,6
5.82,64,4,DUO,kkrxny,6528,408,16,31.2,5
5,15,3.75,DUO,liZZo1981,1532,383,4,25,1
6.17,37,4.11,DUO,MonkeyDSiggi,3242,360.22,9,33.3,3
4,4,4,DUO,NeXuSDisTincTTヅ,465,465,1,0,0
4.2,21,3,DUO,P.a.i.i.n.Z,2139,305.57,7,28.6,2
13,13,6.5,DUO,PhineasCSC,1390,695,2,100,2
2.12,34,2.12,DUO,PrinzENY,3085,192.81,16,0,0
5.8,29,3.22,DUO,psn(TNL1505),3905,433.89,9,44.4,4
3.08,256,2.46,DUO,Raquu ツ,36916,354.96,104,20.2,21
9,9,9,DUO,Ropzy,605,605,1,100,1
6.33,38,4.22,DUO,SimpleAwake,3280,364.44,9,33.3,3
3.57,25,2.78,DUO,TheDark_vZ,2860,317.78,9,22.2,2
7.42,89,4.24,DUO,TTV_KKakashii-,9649,459.48,21,42.9,9
6,6,3,DUO,xEraZeViiRaL,1331,665.5,2,100,2
3.67,88,3.26,DUO,xNasty_RxYaL,6634,245.7,27,11.1,3
4,8,4,DUO,xPhilip19x,530,265,2,0,0
4.6,23,3.83,DUO,xZInFiNiTy7,1581,263.5,6,16.7,1
6.72,121,3.67,DUO,YakuzaENY,14137,428.39,33,45.5,15
3.1,31,2.82,DUO,YouTube-VrayST,2253,204.82,11,9.1,1
8.33,25,3.57,DUO,ZanariYG-,3411,487.29,7,57.1,4
2.62,3325,2.37,DUO,Asdffreak14,345758,246.27,1404,9.5,133
2.04,2767,1.83,DUO,AVERAGE.Kredox,346273,229.62,1508,10,151
8.15,5315,4.79,DUO,d1rbY,449134,404.63,1110,41.3,458
1.65,488,1.36,DUO,Don Pablo E.,98683,274.12,360,17.8,64
8.03,6524,4.5,DUO,EMP WeisseMoehre,663382,457.19,1451,44,639
5.42,6640,3.98,DUO,EMP_Kawa,559395,334.97,1670,26.6,444
4.63,4580,3.61,DUO,FG dayless,389547,307.46,1267,21.9,278
5.01,4736,3.86,DUO,FG Gio,402471,328.01,1227,22.9,281
4.69,3442,3.59,DUO,FG Russak,326387,340.7,958,23.4,224
5.23,2971,3.52,DUO,flawless99_,327605,388.62,843,32.6,275
3.97,2971,2.69,DUO,Fußfeger,427650,387.01,1105,32.2,356
6.78,2379,3.43,DUO,InPanix SvNy,326069,470.52,693,49.4,342
9.07,6657,5.43,DUO,InPanix Wuuudi,537329,437.92,1227,40.2,493
7.09,681,3.62,DUO,jstCarry_Twitch,91125,484.71,188,48.9,92
4,4248,3.15,DUO,JUGGERNAUT-YT,388466,288.39,1347,21.2,286
6.06,2697,3.91,DUO,k0nfetti_Twitch,260653,378.31,689,35.4,244
2.64,910,2.35,DUO,kEVSHH,105665,272.33,388,11.1,43
7.07,2080,3.14,DUO,ManjaFi,323097,488.06,662,55.6,368
28.01,8935,7.39,DUO,mouz Möps,735159,608.07,1209,73.6,890
13.16,7619,5.9,DUO,mQuark,661795,512.62,1291,55.2,712
10.33,3450,4.93,DUO,NícKK,333609,476.58,700,52.3,366
2.4,2675,1.95,DUO,NSI_SoulHunter,434077,315.69,1375,19.1,262
3.59,8589,3.12,DUO,OMIKRON.ZanDoX,726194,263.5,2756,13.1,361
3.96,6421,3.2,DUO,p h i l,616163,307.01,2007,19.2,385
5.01,5809,3.31,DUO,Prevax,637967,363.31,1756,34,597
4.64,1669,3.59,DUO,Prime President,148516,319.39,465,22.6,105
4.55,5292,3.47,DUO,RPT Daineira,509752,333.83,1527,23.9,365
4.88,5427,3.21,DUO,SC0RPEX,577555,341.95,1689,34.2,577
3.49,4882,2.87,DUO,SPIRIT Downley,461105,271.4,1699,17.8,302
6.39,1987,3.45,DUO,SPIRIT siroqz,258019,447.95,576,46,265
2.53,5091,2.22,DUO,sT Landlord,593850,258.53,2297,12.5,286
2.5,2361,2.18,DUO,sT Rippchen,260156,240,1084,13,141
2.24,1060,2.06,DUO,SwitchUMG,113300,220,515,8.2,42
9.19,6948,5.37,DUO,thrustz,534812,413.3,1294,41.6,538
17.83,2496,6.21,DUO,Twitch L3and3Boy,223681,556.42,402,65.2,262
6.34,317,4.8,DUO,TWITCH xDreamZTV,20672,313.21,66,24.2,16
7.65,5701,4.54,DUO,Twitch_Netwar_,518868,413.11,1256,40.7,511
3.48,6589,2.87,DUO,Twitch_Raavo0x,630411,274.57,2296,17.4,400
5.86,1389,3.73,DUO,Twitch_zMatriicx,156363,420.33,372,36.3,135
5.59,7276,4.43,DUO,twitchprrkk,507244,308.73,1643,20.8,341
5.19,1800,3.67,DUO,TWlTCH inc_Price,181940,370.55,491,29.3,144
5.5,6352,3.52,DUO,Wolfツ,706166,390.79,1807,36.1,653
2.74,5150,2.47,DUO,xd Sariusツ,394494,188.84,2089,10,208
5.98,1819,3.87,DUO,xRaider.,200118,425.78,470,35.3,166
7.42,8166,5.19,DUO,Xypher Pepper,557063,354.14,1573,30,472
5.3,2362,3.94,DUO,ZakayZocktTV,229898,383.16,600,25.7,154
3.93,5024,3.47,DUO,αημεδ,332184,229.25,1449,11.9,172
6.8,68,4.53,DUO,pasDuno,6283,418.87,15,33.3,5
4.43,31,4.43,DUO,VP Shneezin,1640,234.29,7,0,0
2.91,32,2.91,DUO,XBL uBaq,2662,242,11,0,0
0.5,1,0.5,DUO,hransen,235,117.5,2,0,0
3.34,2211,2.93,DUO,NicklasAlfred,52868,70.12,754,12.3,93
4.6,69,3.83,DUO,Ziggiking90,5031,279.5,18,16.7,3
5.49,5078,4.44,DUO,M8ay,338652,296.02,1144,19.1,219
6.08,5762,4.64,DUO,NxG Str0nkTV,379732,305.5,1243,23.8,296
9.68,5758,4.89,DUO,Sutsko,578055,491.13,1177,49.4,582
3.77,5435,3.2,DUO,SvendPro,400198,235.97,1696,14.9,253
6.03,7130,4.51,DUO,Twitch_Dkokholm,562712,355.92,1581,25.2,399
0.29,2,0.29,DUO,Twitch TBEGlory,556,79.43,7,0,0
8.79,6077,5.44,DUO,Markeloff05,453664,405.78,1118,38.2,427
1.84,1240,1.68,DUO,I Seolhyun I,191110,259.31,737,8.5,63
3.98,3495,3.13,DUO,WAP Raas,373883,334.42,1118,21.5,240
7.73,5058,5.19,DUO,AQ TwtchReyes37,331031,339.52,975,32.9,321
3.76,6184,3.08,DUO,Blessed KennyDX,559381,278.16,2011,18.2,366
5.27,5334,4.02,DUO,DRA Broken,418044,315.03,1327,23.7,314
3.38,3137,2.96,DUO,Frnzgodness,280701,265.06,1059,12.4,131
3.07,5489,2.36,DUO,JMO Khaleesiu,793169,341.59,2322,23,534
5.61,10251,4.18,DUO,JMO subman,861514,351.64,2450,25.5,624
2.55,2586,2.24,DUO,Manoloka7,314891,272.4,1156,12.1,140
8,8,4,DUO,arttu01,813,406.5,2,50,1
3.13,3249,2.46,DUO,Leevi L,388481,294.3,1320,21.4,283
12.57,4788,6.9,DUO,Romez,350718,505.36,694,45.1,313
10.12,10038,6.22,DUO,turtlezzA,684704,424.49,1613,38.5,621
3.01,1558,2.83,DUO,Twitch Raimmu,111683,203.06,550,6,33
6.23,1544,4.49,DUO,twitchstonde1337,128385,373.21,344,27.9,96
1.89,17,1.7,DUO,Beubeu92230,2373,237.3,10,10,1
1.5,24,1.5,DUO,KaRMaZ_Niper,2328,145.5,16,0,0
11,11,3.67,DUO,Zhyr_Kajiko,1244,414.67,3,66.7,2
6.84,5438,4.19,DUO,Kouyaler_,562513,433.7,1297,38.7,502
7.67,8314,4.94,DUO,PopiGames,660497,392.45,1683,35.6,599
2.98,6755,2.5,DUO,pylaa,664631,245.89,2703,16.2,439
4.97,3399,3.51,DUO,TaL Len,313301,323.32,969,29.4,285
4.15,7410,3.52,DUO,TwitchGowtyx,500046,237.66,2104,15.1,317
8.41,8085,5.13,DUO,Zakerum,672703,426.84,1576,39,615
2.17,26,2.17,DUO,AlexRamiGaming,2613,217.75,12,0,0
2.43,17,2.12,DUO,Faantaz,1365,170.62,8,12.5,1
1,2,1,DUO,kshiiy-,221,110.5,2,0,0
1.48,242,1.45,DUO,LualdiDylan,26843,160.74,167,2.4,4
4.5,9,4.5,DUO,Murrell220,626,313,2,0,0
4,4,4,DUO,Outpacing,605,605,1,100,1
12,36,7.2,DUO,Red_DeviI_7_,2539,507.8,5,40,2
1.6,104,1.51,DUO,RoT8_Cava,14080,204.06,69,5.8,4
0.5,2,0.5,DUO,RoT8_Hobo,442,110.5,4,0,0
10,20,3.33,DUO,Silly_kiwi,3133,522.17,6,66.7,4
7.5,75,3.75,DUO,Sp3cialForce21,9656,482.8,20,50,10
6.22,7714,4.24,DUO,DARKREAPA,684887,376.31,1820,31.8,579
4.89,4423,4.05,DUO,DeeCee.,323094,295.87,1092,17.1,187
3.33,2971,2.6,DUO,Easyeadie22,355169,311.01,1142,22,251
5.38,3580,3.58,DUO,ISwaZz,419283,418.86,1001,33.6,336
5.74,8761,3.59,DUO,JackRyanFox,1004651,411.4,2442,37.6,917
4.69,3787,3.9,DUO,L e g l e s s,272154,280.28,971,16.8,163
9,2888,5.4,DUO,Meggsey,213827,399.68,535,40,214
5.74,1492,3.98,DUO,Nenwin,140482,374.62,375,30.7,115
9.01,7792,4.13,DUO,Tiimmehh,984177,521.56,1887,54.2,1022
9.57,7293,6.23,DUO,TTV_JakeTheBrit,450286,384.53,1171,34.9,409
3.59,3958,2.97,DUO,Twitch Revert_,378223,283.53,1334,17.3,231
10.37,14638,4.84,DUO,Twitch_TheSpud88,1578353,521.6,3026,53.3,1614
3.14,22,2.44,DUO,chompadomp,2153,239.22,9,22.2,2
3.67,22,2.75,DUO,EVN8,2710,338.75,8,25,2
12.5,100,5,DUO,Twitch JaamZXBL,10082,504.1,20,60,12
0.44,4,0.44,DUO,xd Lorzy,1406,156.22,9,0,0
6.48,10069,4.52,DUO,Twitch_Lamucaa,791883,355.74,2226,30.1,671
6.46,3857,5.02,DUO,COOLER eXzacT,259358,337.71,768,22.3,171
4.67,14098,3.13,DUO,K1NGred-YT,1424186,315.92,4508,33.1,1490
5.95,6321,4.44,DUO,Twitch.tv_eXes3,490935,344.52,1425,25.5,363
6.2,6668,4.34,DUO,Fl4shX,579301,376.9,1537,30.1,462
5.52,1666,3.61,DUO,PyKo,161046,349.34,461,34.5,159
8.63,4780,5.64,DUO,AlterEgo.Feezle,368560,435.14,847,34.6,293
2.33,7,2.33,DUO,Kleiny12303,1184,394.67,3,0,0
1,1,1,DUO,CAPful57,39,39,1,0,0
9.33,28,4.67,DUO,JaaKYRi,2940,490,6,50,3
0.17,1,0.17,DUO,STREKZO,284,47.33,6,0,0
3.31,2352,2.9,DUO,REA_AgiOz,202992,249.99,812,12.6,102
10.5,42,4.67,DUO,GansHyper,3894,432.67,9,55.6,5
2.33,7,1.75,DUO,makilong812,1429,357.25,4,25,1
36,36,7.2,DUO,Syama_p,3425,685,5,100,5
5,10,2.5,DUO,T_xvs_M,1869,467.25,4,50,2
4.71,33,3,DUO,Tommy_Lee_JonesY,4107,373.36,11,36.4,4
52,52,6.5,DUO,のあ太郎,5400,675,8,87.5,7
4.67,14,3.5,DUO,ひら9999,1637,409.25,4,25,1
4.29,1872,3.61,DUO,994gon,138213,266.82,518,15.8,82
19.92,5517,6.45,DUO,bykn.nR,472849,552.39,856,67.6,579
4.32,1861,3.34,DUO,CB Kushi,173675,311.25,558,22.8,127
2.79,1315,2.15,DUO,CB ShinjiSenpai,219419,359.11,611,22.9,140
4.14,116,2.58,DUO,CB Shioko,20009,444.64,45,37.8,17
5.9,2025,4.29,DUO,CB yakulto_,179047,379.34,472,27.3,129
6.32,10877,4.89,DUO,I GOT_THIS,785254,353.08,2224,22.6,502
7.81,2101,4.1,DUO,kuri_CoC_,247571,483.54,512,47.5,243
7.3,1862,3.44,DUO,LaZy Ashfade,268470,496.25,541,52.9,286
5.57,3002,3.21,DUO,LaZy STEEEAL,420145,449.83,934,42.3,395
7.09,9734,4.95,DUO,LeXy べる,718159,365.1,1967,30.2,595
8.47,2981,5.18,DUO,Nephrite2,241446,419.91,575,38.8,223
6.88,1774,4.03,DUO,NGE.JP_Manji,201845,458.74,440,41.4,182
4.02,1521,3.07,DUO,S P A C E Z,180400,364.44,495,23.6,117
6.5,1618,3.89,DUO,shine-w-,187979,451.87,416,40.1,167
4.88,244,3.09,DUO,toumoku,34906,441.85,79,36.7,29
6.83,2876,4.14,DUO,りゅのび,267006,384.73,694,39.3,273
14.52,3035,4.16,DUO,寺田ㅤ,444423,609.63,729,71.3,520
5.09,433,3.83,DUO,525KR,40530,358.67,113,24.8,28
7.14,2833,4.51,DUO,Carnage_FitU,277494,441.87,628,36.8,231
3.91,1848,3.42,DUO,Carnage_milfy,140972,261.06,540,12.4,67
7.12,4406,4.98,DUO,Korypton,328115,370.75,885,30.1,266
5.9,3113,4.25,DUO,NoC Rabbit,264141,360.85,732,27.9,204
5.77,1119,3.9,DUO,NON_PLAYER,117802,410.46,287,32.4,93
5.21,3040,3.95,DUO,Space Infinity E,266771,346.91,769,24.2,186
7.95,3618,5.72,DUO,TOP_Aimhero_o,231716,366.06,633,28.1,178
5.29,2754,3.76,DUO,WANTED_Tsunami,275133,375.35,733,28.9,212
9.64,1426,4.63,DUO,WGS_김수현,157806,512.36,308,51.9,160
3.5,49,3.27,DUO,ym1n,3324,221.6,15,6.7,1
7,4684,5.05,DUO,넌 이 죽,315139,339.59,928,27.9,259
8.82,3325,5.41,DUO,무조건하드캐리,248587,404.21,615,38.7,238
6.95,2050,4.65,DUO,성 호 님,173595,393.64,441,33.1,146
5.75,2248,3.6,DUO,에이스에이스,265399,425.32,624,37.3,233
3.98,1607,3.36,DUO,함대길,134104,280.55,478,15.5,74
9.06,5361,5,DUO,Paprastukas,433505,404.39,1072,44.8,480
1.83,1040,1.72,DUO,TTV ImSnapshot,131995,218.53,604,6.1,37
1.5,3,1.5,DUO,Eos Bikk,731,365.5,2,0,0
7.25,29,4.83,DUO,JDaiser 9,2243,373.83,6,33.3,2
2,14,2,DUO,JJeorvalCM,1210,172.86,7,0,0
8.29,58,4.83,DUO,Zafuran_,5207,433.92,12,41.7,5
3.02,1978,2.29,DUO,TTV_Tzuyu,252661,292.09,865,24.3,210
4.12,33,3.3,DUO,GODZ_QUIN,2623,262.3,10,20,2
1.04,54,1,DUO,iFinq,9274,171.74,54,3.7,2
3.4,17,2.83,DUO,patrickgamer90,1771,295.17,6,16.7,1
5.38,43,3.07,DUO,sR_DonVK,6303,450.21,14,42.9,6
7.5,45,4.5,DUO,sR_Purple070,4436,443.6,10,40,4
3,42,2.8,DUO,StefanRVH,2996,199.73,15,6.7,1
2.13,49,2.13,DUO,Wsftw,3643,158.39,23,0,0
5.09,4152,3.66,DUO,Agrowyn,373510,329.37,1134,28,318
8.03,6675,4.58,DUO,ECV_DutchPR1ME,601154,412.88,1456,42.9,625
2.73,3497,2.07,DUO,ECV_HeritorTV,499307,295.62,1689,24.2,409
7.06,7293,4.66,DUO,M33P_,595774,380.69,1565,34,532
5.93,3796,4.02,DUO,Mikos TTV,376784,399.14,944,32.2,304
5.77,3529,3.85,DUO,SK_Loyal,321259,350.34,917,33.3,305
4.91,3344,3.47,DUO,Squirrelxxl,367239,380.56,965,29.4,284
6.98,6980,4.25,DUO,TheMysteries,706717,429.88,1644,39.2,644
5.42,5804,3.55,DUO,Trаshy,659047,403.33,1634,34.5,563
7.14,7537,4.79,DUO,Вrоke,615400,390.73,1575,33,519
8.67,26,4.33,DUO,Symphed,3250,541.67,6,50,3
1,4,1,DUO,xbl(Murdahm),380,95,4,0,0
6,6,3,DUO,Joak97,947,473.5,2,50,1
12.6,63,4.5,DUO,wolfieV3,6976,498.29,14,64.3,9
14.64,14464,7.47,DUO,Chuckxtar,907258,468.38,1937,49,949
5.62,7287,4.18,DUO,DreamZ Sundklakツ,574387,329.54,1743,25.6,446
3.99,4635,3.5,DUO,Skauen.,318414,240.68,1323,12.2,161
6.06,1764,4.77,DUO,TwitchSyrtekz_Tv,113655,307.18,370,21.4,79
4.33,26,3.25,DUO,Juxtapositionz,2322,290.25,8,25,2
4.76,81,3.86,DUO,Lam Lam OG,5018,238.95,21,19,4
6.88,55,5.5,DUO,OTB JayT,3306,330.6,10,20,2
7.92,95,4.13,DUO,Adrian11xXPL,11370,494.35,23,47.8,11
8.17,98,4.08,DUO,Kwiatek1970,11906,496.08,24,50,12
5.07,3331,3.91,DUO,Cypis_YT,281547,330.07,853,23,196
4.22,4393,3.46,DUO,Dejziu,364952,287.82,1268,17.9,227
3.34,2232,2.83,DUO,ExistFEAR Paciej,221881,280.86,790,15.3,121
10.54,6442,4.65,DUO,FilipThh,732270,528.71,1385,55.9,774
5.77,2862,3.74,DUO,GROM dzosefff,310674,406.11,765,35.2,269
3.68,3471,3.01,DUO,Hencio,295299,256.34,1152,18.2,210
5.79,5214,3.87,DUO,INVIZY Mandii,494736,366.74,1349,33.2,448
11.22,8821,5.83,DUO,JarkoS.,674616,445.88,1513,48.1,727
6,6242,3.97,DUO,mocarzz,625525,397.92,1572,33.8,532
4.25,595,3.38,DUO,MRJ0ckey99,55477,315.21,176,20.5,36
6.16,6245,4.33,DUO,s1cK.nyczu,517289,358.98,1441,29.7,428
2.82,2806,2.57,DUO,ッBeasT,228532,209.28,1092,8.8,96
5.43,788,3.92,DUO,Hyeouk,67645,336.54,201,27.9,56
1.86,2793,1.73,DUO,Macof,366627,227.15,1614,7.1,114
15.33,13647,6.49,DUO,PANG VoVo,1149556,546.37,2104,57.7,1214
6.82,4664,4.38,DUO,Cat6 Be Careful,424358,398.46,1065,35.8,381
4.94,9526,3.53,DUO,Markonix.YT,968543,359.25,2696,28.4,766
3.97,1313,3.34,DUO,Lastliving,110589,281.4,393,15.8,62
10.74,4629,6.1,DUO,TSG T4im,342998,451.91,759,43.2,328
4.33,3915,3.45,DUO,Z1REX-,375457,331.09,1134,20.3,230
4.94,5456,3.78,DUO,ihero4ever,470011,325.72,1443,23.5,339
4.06,1689,3.66,DUO,K A I O X,101110,219.33,461,9.8,45
5.69,9981,4.29,DUO,OTW NJR,800469,344.14,2326,24.5,571
4.39,6121,3.6,DUO,TTv.xiA7R,509987,300.17,1699,18,306
5.34,4550,4.21,DUO,vagnaR-,329864,304.87,1082,21.3,230
1.33,12,1.33,DUO,G1ngerPojken,1137,126.33,9,0,0
10.16,4692,4.74,DUO,Abêlstan,412973,417.57,989,53.3,527
7.17,1691,4.72,DUO,Beethovenא,126286,352.75,358,34.1,122
8.1,3645,5.13,DUO,Champuru,294470,414.16,711,36.7,261
13.4,6231,5.72,DUO,Ekw3nsu.TV,549753,504.82,1089,57.3,624
2.78,3708,1.84,DUO,EyeGaming WarG,855994,424.18,2018,33.8,682
8.96,6100,5.51,DUO,haHAA Npish btw,456392,412.28,1107,38.5,426
6.21,5068,4.7,DUO,MEWIIE,330669,306.46,1079,24.4,263
4.69,1083,3.27,DUO,MightyHolo TTV,122449,369.94,331,30.2,100
9.63,7945,5.16,DUO,Rеyеd,708724,459.91,1541,46.5,716
3.59,3908,2.28,DUO,SSK-JW,755603,440.33,1716,36.5,627
4.25,3336,3.14,DUO,ttv wozbror,347664,327.06,1063,26.2,278
6.38,6733,4.6,DUO,Twitch Dealersz,530699,362.75,1463,27.9,408
2.66,2138,2.47,DUO,Twitch wKiMmeH,185545,214.26,866,7,61
5.95,4989,3.53,DUO,Twitch.tv Woriah,607367,430.15,1412,40.6,573
6.88,4726,4.22,DUO,Twitch_Delpzie,449773,401.94,1119,38.6,432
5.27,7471,4.39,DUO,Twitch_Detooxtv,465325,273.4,1702,16.7,285
9.01,7887,5.29,DUO,TwitchAlphaAmons,672586,451.4,1490,41.3,615
5.93,4170,4.45,DUO,lnvoke,307625,328.31,937,25,234
8.46,6330,4.61,DUO,NoU_Pasjidadi,537548,391.8,1372,45.5,624
8.34,3696,4.76,DUO,NoU_Xact,336094,433.11,776,42.9,333
5.91,3870,4.59,DUO,twitchInsan3Lik3,266114,315.3,844,22.4,189
4.41,4763,3.71,DUO,pso.,364699,284.25,1283,15.9,204
2.59,7701,2.3,DUO,DDoS I MRX,739040,220.35,3354,11.4,383
3.98,6002,3.16,DUO,DDoS I Sweny,565694,298.2,1897,20.5,389
3.21,1350,2.82,DUO,SPC MerSa,122154,255.55,478,11.9,57
2.14,205,2.03,DUO,StrawBerry MîLK,18663,184.78,101,5,5
4.89,44,3.67,DUO,Circle_To_Build,4639,386.58,12,25,3
1,1,1,DUO,Deon_SC,25,25,1,0,0
0.6,9,0.56,DUO,GODZILLApsn,3839,239.94,16,6.2,1
0.5,1,0.5,DUO,iDynasty22,378,189,2,0,0
6.2,31,3.1,DUO,iReqsy,3971,397.1,10,50,5
4.09,45,3.46,DUO,MarksTerritoryTV,4785,368.08,13,15.4,2
1.91,42,1.68,DUO,MutilashuN,6820,272.8,25,12,3
20,20,5,DUO,psn(ForeverShredded8),2427,606.75,4,75,3
2,4,2,DUO,The_One_Dream,443,221.5,2,0,0
2.5,25,1.92,DUO,Twitch_madeofham,4176,321.23,13,23.1,3
8.4,42,4.67,DUO,WaxdSZN,3640,404.44,9,44.4,4
0.92,12,0.92,DUO,WIDeYEZ,1898,146,13,0,0
3.93,2172,3.22,DUO,1c7,203964,302.17,675,18.2,123
12.5,2701,5.25,DUO,Airrun7,278350,541.54,514,58,298
8.21,9095,5.19,DUO,Alehx,685367,390.97,1753,36.8,645
7.67,3773,4.96,DUO,BudzyTV,305682,402.21,760,35.3,268
11.3,2136,5.51,DUO,Chilla_Deluxe,193475,498.65,388,51.3,199
13.37,2822,5.76,DUO,Crooks5,261345,533.36,490,56.9,279
6.18,1304,3.92,DUO,do-not blink,144221,433.1,333,36.6,122
3.02,1242,2.48,DUO,FLOSS-EM,142474,284.95,500,17.8,89
5.26,4472,4.08,DUO,FPS_Shwip,343800,313.69,1096,22.4,246
7.96,10247,5.29,DUO,Holy MoIy,748529,386.24,1938,33.6,651
5.97,7868,4.53,DUO,hood pug,582691,335.65,1736,24.1,418
5.21,5735,3.7,DUO,Hyреr,578771,373.16,1551,29.1,451
3.62,1025,2.98,DUO,killacounty TTV,98189,285.43,344,17.7,61
3.35,4449,2.88,DUO,little sweaty,401183,259.67,1545,14.1,218
5.05,3950,3.91,DUO,LOLDEFUSE,343974,340.57,1010,22.6,228
2.8,3860,2.53,DUO,mrpandr,369894,242.71,1524,9.6,146
9.15,6522,5.76,DUO,oUt-N-iN.,470249,415.05,1133,37.1,420
4.24,1965,3.1,DUO,roidZz_,198312,312.79,634,27,171
2.68,1365,2.26,DUO,Ryanator_YT,155173,256.91,604,15.7,95
7.45,6058,5.18,DUO,staticillusion,402709,344.2,1170,30.5,357
6.72,5729,4.02,DUO,The8thWonder,657850,461.33,1426,40.3,574
7.34,3552,4.63,DUO,Travеy,328335,428.08,767,36.9,283
13.07,10051,6.57,DUO,Troflecopterr,762465,498.34,1530,49.7,761
3.46,1441,2.79,DUO,TTV 3000IQPlayer,166982,323.61,516,19.4,100
3.74,983,3.09,DUO,TTV iBruno,88121,277.11,318,17.3,55
3.16,1958,2.81,DUO,ttvTheGamingOwl,181419,259.91,698,11.2,78
6.23,8327,4.66,DUO,twitch.EpikWhale,585917,327.88,1787,25.2,450
9.26,3305,4.64,DUO,TwitchTQ Defiant,353849,496.28,713,49.9,356
8.04,5014,5.02,DUO,TwitchTwistedAK,421000,421.42,999,37.5,375
3.77,1735,2.82,DUO,uncle_fubar,216308,351.72,615,25.2,155
5.07,2479,3.89,DUO,void556,214598,336.89,637,23.2,148
3.61,820,3.36,DUO,Wrathinel TTV,56305,230.76,244,7,17
3.08,1231,2.79,DUO,xeno -_0,112469,255.03,441,9.3,41
9.32,1901,4.99,DUO,Youtube ashenFN,186983,490.77,381,46.5,177
2.99,1565,2.45,DUO,δwanδong,211630,330.67,640,18.3,117
1.43,30,1.25,DUO,AlrightConor,6000,250,24,12.5,3
9,9,3,DUO,Andomaje31,1835,611.67,3,66.7,2
5,15,1.88,DUO,Brandon070242,3955,494.38,8,62.5,5
2.83,17,2.83,DUO,Dash facover,1676,279.33,6,0,0
1,1,1,DUO,Evaysive,22,22,1,0,0
1,5,1,DUO,Fai1edAbortion,1159,231.8,5,0,0
1,2,1,DUO,Global cT,185,92.5,2,0,0
20,20,6.67,DUO,LaBrawn James,1504,501.33,3,66.7,2
22,44,7.33,DUO,LucasCannard,3520,586.67,6,66.7,4
9,9,9,DUO,Murder Fantasy,312,312,1,0,0
1.28,64,1.21,DUO,Not in xT,10274,193.85,53,5.7,3
3.05,61,2.65,DUO,oGHOS7 187o,5380,233.91,23,13,3
1.33,4,1.33,DUO,RuffusXBL,185,61.67,3,0,0
2,6,2,DUO,TheSasSquash,304,101.33,3,0,0
1.71,12,1.5,DUO,TTV_SIGNIFLCANCE,2469,308.62,8,12.5,1
1.59,46,1.48,DUO,Twitch.ImSnapsy,5818,187.68,31,6.5,2
1,2,1,DUO,xPhilthy,243,121.5,2,0,0
1.2,12,1.2,SQUAD,Abc123Def4563,1244,124.4,10,0,0
4.73,52,3.71,SQUAD,Aliche_,4816,344,14,21.4,3
3,9,1.8,SQUAD,Alucco,2064,412.8,5,40,2
2,2,2,SQUAD,Bngi-,785,785,1,100,1
5,10,5,SQUAD,DAxBLAKxMAMBA,365,182.5,2,0,0
0.44,14,0.4,SQUAD,dukeshooter69,10100,288.57,35,8.6,3
4,12,3,SQUAD,flo_mc8,1372,343,4,25,1
4.64,181,3.85,SQUAD,fohrtnlte,16729,355.94,47,17,8
2.07,31,1.82,SQUAD,FortNiteLew,6160,362.35,17,11.8,2
3.29,69,2.46,SQUAD,GxcciENY,10658,380.64,28,25,7
5.5,55,3.44,SQUAD,hatunemikuru,7274,454.62,16,37.5,6
3.33,10,2.5,SQUAD,HunchoAman,1187,296.75,4,25,1
3.58,93,3.1,SQUAD,I_Breadstick,8352,278.4,30,13.3,4
1.25,10,0.83,SQUAD,ichameleoni,4713,392.75,12,33.3,4
0.5,1,0.5,SQUAD,Ivan-_-A,385,192.5,2,0,0
2,2,2,SQUAD,Keener33,331,331,1,0,0
5.38,86,4.3,SQUAD,KingOfYou12,6249,312.45,20,20,4
6.53,111,4.27,SQUAD,KOUYA_KOUDOUwwww,13421,516.19,26,34.6,9
6.67,40,4,SQUAD,leng1upp,4429,442.9,10,40,4
9,18,2.57,SQUAD,luck_GoMi,4449,635.57,7,71.4,5
2.68,59,2.27,SQUAD,Mabilou-Tariff,7088,272.62,26,15.4,4
4.67,14,2.8,SQUAD,MonkeyDArian,2272,454.4,5,40,2
5.67,17,2.83,SQUAD,naut_SK2,3432,572,6,50,3
11,22,3.67,SQUAD,OmGITsCaL_,3205,534.17,6,66.7,4
1.71,12,1.71,SQUAD,ParanoiaJooker,1669,238.43,7,0,0
6,24,4,SQUAD,Sufi-Q,2814,469,6,33.3,2
0.64,41,0.63,SQUAD,thegolfingcrip,9556,147.02,65,1.5,1
8.5,68,3.58,SQUAD,Twitch_Kxrima,11233,591.21,19,57.9,11
4,16,3.2,SQUAD,WhoRocksSupreme,1418,283.6,5,20,1
2.5,10,2.5,SQUAD,xblueblackx,1107,276.75,4,0,0
2,2,2,SQUAD,XX_TheCounterBos,102,102,1,0,0
5.4,27,3.86,SQUAD,Zabijak0666,2479,354.14,7,28.6,2
9.14,64,4.92,SQUAD,あすかいず,6577,505.92,13,46.2,6
1,11,0.85,SQUAD,真司3,5116,393.54,13,15.4,2
4.59,156,3.8,SQUAD,C Y N,12606,307.46,41,17.1,7
4.4,5498,3.72,SQUAD,GoldenJ.,456087,308.58,1478,15.4,228
6.56,5011,4.3,SQUAD,Im Bad ツ,493693,424.13,1164,34.4,400
5.34,4402,3.39,SQUAD,JoeArcher,592798,456.7,1298,36.5,474
9.6,3532,4.45,SQUAD,Kraze-,492712,621.33,793,53.6,425
1.71,2435,1.66,SQUAD,Moorro,251567,171.13,1470,3.1,46
9.79,15842,4.4,SQUAD,MrDoom TTV,2176261,604.52,3600,55.1,1982
5.26,4991,3.39,SQUAD,Outcold415,676980,460.22,1471,35.5,522
3.25,3617,2.97,SQUAD,Pinktongue,291946,239.69,1218,8.6,105
7.62,5835,3.93,SQUAD,Talent .,842395,568.03,1483,48.3,717
4.17,2587,2.98,SQUAD,terror.exe,365791,421.42,868,28.5,247
5.21,2757,4.07,SQUAD,therealgod.,237354,350.6,677,21.9,148
3.89,3583,3.36,SQUAD,Top500DuoRektU,324369,304,1067,13.8,147
0.49,107,0.47,SQUAD,TrmPnapovski,57871,251.61,230,4.3,10
2.93,1781,2.55,SQUAD,TTV H2OStill,197085,282.36,698,13,91
5.14,7023,4.05,SQUAD,Twitch.SleepyFN,637916,367.46,1736,21.3,369
6.05,4524,3.66,SQUAD,TwitchEmperorOne,615615,497.67,1237,39.5,489
5.07,6969,3.73,SQUAD,WashedUpTimboTTV,780323,417.29,1870,26.5,495
5.65,6333,4.51,SQUAD,Zαch,469375,334.55,1403,20.2,283
8.48,1899,4.06,SQUAD,Λɢɢяσ,259973,555.5,468,52.1,244
4.24,877,3.86,SQUAD,한발1킬,54545,240.29,227,8.8,20
3.62,58,2.64,SQUAD,Alone xoxo,9310,423.18,22,27.3,6
1,1,1,SQUAD,Aydean,102,102,1,0,0
2.67,8,2.67,SQUAD,BuLLyZenon,1111,370.33,3,0,0
12.38,99,5.21,SQUAD,Champism,12443,654.89,19,57.9,11
3.22,377,2.31,SQUAD,Frkin Chaos,65421,401.36,163,28.2,46
4,4,2,SQUAD,jcappy,1055,527.5,2,50,1
2.27,25,2.27,SQUAD,King Churren,3559,323.55,11,0,0
3,18,2.57,SQUAD,Mauvn,1971,281.57,7,14.3,1
4,4,4,SQUAD,NR Jordan,85,85,1,0,0
2.5,20,2.22,SQUAD,Philly_B,2960,328.89,9,11.1,1
2.67,8,1.6,SQUAD,screech111,2623,524.6,5,40,2
1.25,30,1.2,SQUAD,The_Dolt,3703,148.12,25,4,1
4,68,3.09,SQUAD,WolfSnD0505,9035,410.68,22,22.7,5
7,119,4.41,SQUAD,Wοh,11545,427.59,27,37,10
17.5,35,2.69,SQUAD,xbl(Menard),8503,654.08,13,84.6,11
4.17,25,1.67,SQUAD,xbl(Qft),8073,538.2,15,60,9
2.33,7,2.33,SQUAD,xxSSxx Kill,765,255,3,0,0
1.93,27,1.93,SQUAD,Young Susanoo,3873,276.64,14,0,0
9.5,19,6.33,SQUAD,Zexpraa,1175,391.67,3,33.3,1
3.62,58,3.05,SQUAD,SE-iiFreaKz,5217,274.58,19,15.8,3
1,1,1,SQUAD,zNobJoZ,120,120,1,0,0
2.97,2128,2.66,SQUAD,Aircry,198033,247.23,801,10.5,84
5.45,6569,3.36,SQUAD,DH LGx,848486,433.79,1956,38.4,751
4.58,3294,2.99,SQUAD,Goиza,488904,444.46,1100,34.5,380
4.93,5742,3.42,SQUAD,ISG LightPlanet,707760,421.79,1678,30.6,513
3.71,3100,2.45,SQUAD,Meolans,520243,411.58,1264,33.9,429
2.19,35,2.19,SQUAD,AykanBomaye,2651,165.69,16,0,0
1,3,1,SQUAD,KyuubiiOG,444,148,3,0,0
5.89,53,3.79,SQUAD,Predizions,4825,344.64,14,35.7,5
6.16,2766,4.24,SQUAD,Prime Tydix,276681,424.36,652,31.1,203
1,3,1,SQUAD,BradleyGrodon69,565,188.33,3,0,0
10.43,146,5.84,SQUAD,eDOGtheSavage-,11918,476.72,25,44,11
4,4,4,SQUAD,EJLad,373,373,1,0,0
2.71,19,2.71,SQUAD,lmpacct,2031,290.14,7,0,0
4.31,69,2.65,SQUAD,Parqn,12755,490.58,26,38.5,10
1.93,29,1.81,SQUAD,Twitch_kojos,3304,206.5,16,6.2,1
2.13,4137,2,SQUAD,CaliFN,318483,154.3,2064,5.9,122
4.63,1923,3.39,SQUAD,girkler,218675,385.67,567,26.8,152
3.72,6099,3.14,SQUAD,JAM Em Dee,608431,313.46,1941,15.5,301
26.33,9636,7.06,SQUAD,RNG mrfreshasian,980087,718.54,1364,73.2,998
4.05,704,2.69,SQUAD,SitOnThis,97913,373.71,262,33.6,88
12.5,25,8.33,SQUAD,BiggSamoan187,1467,489,3,33.3,1
5.71,80,4.21,SQUAD,Evolveds_,5745,302.37,19,26.3,5
11.5,23,7.67,SQUAD,TC llAndrew,1299,433,3,33.3,1
4.81,2975,3.67,SQUAD,WakeUpIznajIstin,290290,357.94,811,23.8,193
3.84,3668,3.11,SQUAD,xISammie,392449,333.15,1178,19,224
3.5,6144,2.67,SQUAD,Mishoangelo,880489,381.99,2305,23.8,548
20.28,2413,7.59,SQUAD,November 26th,210703,662.59,318,62.6,199
5.25,21,4.2,SQUAD,Razant,1490,298,5,20,1
2.18,4072,1.81,SQUAD,Blightwalker,617735,274.79,2248,16.9,379
12.26,5997,4.96,SQUAD,BrW0lf,755081,624.03,1210,59.6,721
9.75,14369,4.38,SQUAD,Nando Eh 30,1928666,587.29,3284,55.1,1811
8.03,13736,5.36,SQUAD,queyjo_ralado,1165003,454.9,2561,33.2,850
5.1,2056,4.14,SQUAD,wickkD神,156197,314.28,497,18.9,94
9.57,13717,6.75,SQUAD,Ѕora,850292,418.66,2031,29.4,598
3.67,11,3.67,SQUAD,NightmareVoque,1330,443.33,3,0,0
5,5,5,SQUAD,BloodAffair,845,845,1,100,1
3.33,10,3.33,SQUAD,dielawnz,823,274.33,3,0,0
2.75,11,2.75,SQUAD,Exo Vibez,837,209.25,4,0,0
2,14,2,SQUAD,Sit_Kiddo,1901,271.57,7,0,0
1.27,19,1.19,SQUAD,XiGbY,2791,174.44,16,6.2,1
10.38,830,5.35,SQUAD,LetMeBuildTTV,84039,542.19,155,48.4,75
6.15,9538,4.54,SQUAD,NotRannar,823273,391.66,2102,26.2,551
4.27,5320,3.33,SQUAD,Twitch-FpsUber,550705,344.84,1597,22,351
4.65,2758,4.14,SQUAD,twitchTV mintxd,153575,230.59,666,11,73
1.25,10,1.25,SQUAD,Vruzed123,1740,217.5,8,0,0
4.61,2158,3.67,SQUAD,Aêrøeu,224355,381.56,588,20.4,120
4.21,1251,3.17,SQUAD,CoereSp Giuseppe,138385,350.34,395,24.8,98
2.4,2504,2.26,SQUAD,I_IcyFire_I,253956,229,1109,6,67
4,8,2.67,SQUAD,Boss83022,1586,528.67,3,33.3,1
25,25,12.5,SQUAD,BowDownForTitaN,1210,605,2,100,2
7.5,15,5,SQUAD,CngamingNiko,1458,486,3,33.3,1
4.45,49,3.5,SQUAD,CrystalJunk420,4382,313,14,21.4,3
5.3,122,4.07,SQUAD,DanezzENY,10643,354.77,30,23.3,7
24,24,2.67,SQUAD,DeBeastTryHard,6065,673.89,9,100,9
3.83,23,2.3,SQUAD,Dr.Fort,5502,550.2,10,40,4
8,24,6,SQUAD,EnderENY,1377,344.25,4,25,1
4,8,4,SQUAD,Exaagon,390,195,2,0,0
5,10,5,SQUAD,FReSH3_BeAStxX,574,287,2,0,0
2.9,29,2.42,SQUAD,FxckOpiium,4340,361.67,12,16.7,2
4.45,49,4.08,SQUAD,Goldi7777777,3163,263.58,12,8.3,1
3.48,73,3.17,SQUAD,IchMagYellow,6143,267.09,23,8.7,2
4,4,4,SQUAD,InceptionXI,302,302,1,0,0
2.2,55,1.96,SQUAD,iTzValten,7239,258.54,28,10.7,3
1.75,7,1.75,SQUAD,kkrxny,807,201.75,4,0,0
2.67,32,2.46,SQUAD,liZZo1981,4441,341.62,13,7.7,1
7.69,100,6.67,SQUAD,MonkeyDSiggi,5891,392.73,15,13.3,2
3,3,3,SQUAD,NeXuSDisTincTTヅ,664,664,1,100,1
4.91,54,4.15,SQUAD,NotViolence,2916,224.31,13,15.4,2
15,15,7.5,SQUAD,P.a.i.i.n.Z,1450,725,2,100,2
4,8,4,SQUAD,PhineasCSC,1070,535,2,0,0
4.2,21,3.5,SQUAD,PrinzENY,1393,232.17,6,16.7,1
4.12,99,3.81,SQUAD,psn(TNL1505),4422,170.08,26,7.7,2
2.72,68,1.62,SQUAD,Raquu ツ,18134,431.76,42,40.5,17
6,6,6,SQUAD,Ropzy,685,685,1,0,0
1,1,1,SQUAD,Stxry-of-a-Heroo,53,53,1,0,0
1.29,18,1.12,SQUAD,TheDark_vZ,3883,242.69,16,12.5,2
8.75,35,5,SQUAD,TTV_KKakashii-,3875,553.57,7,42.9,3
1,1,0.5,SQUAD,xNasty_RxYaL,855,427.5,2,50,1
2,12,1.71,SQUAD,xPhilip19x,2362,337.43,7,14.3,1
7,49,6.12,SQUAD,xZInFiNiTy7,3093,386.62,8,12.5,1
0.67,4,0.67,SQUAD,YakuzaENY,733,122.17,6,0,0
4.11,37,2.85,SQUAD,YouTube-VrayST,4941,380.08,13,30.8,4
2.83,1992,2.41,SQUAD,Asdffreak14,240817,291.55,826,14.6,121
1.58,586,1.43,SQUAD,AVERAGE.Kredox,99634,242.42,411,10,41
7.36,7680,4.66,SQUAD,d1rbY,722890,438.38,1649,36.7,606
3.15,863,1.61,SQUAD,Don Pablo E.,238012,444.88,535,48.8,261
9.18,4333,4.77,SQUAD,EMP WeisseMoehre,475521,523.7,908,48,436
6.03,9136,3.9,SQUAD,EMP_Kawa,1021952,436.73,2340,35.2,824
5.27,5120,3.67,SQUAD,FG dayless,553199,396.27,1396,30.4,424
5.96,12852,4.15,SQUAD,FG Gio,1257949,406.05,3098,30.3,940
5.38,4855,3.48,SQUAD,FG Russak,638236,456.86,1397,35.4,495
5.01,986,3.37,SQUAD,flawless99_,116103,396.26,293,32.8,96
3.3,2058,2.49,SQUAD,Fußfeger,301767,365.78,825,24.4,201
7.31,4102,2.99,SQUAD,InPanix SvNy,791528,576.92,1372,59.1,811
11.61,3563,5.3,SQUAD,InPanix Wuuudi,395327,588.28,672,54.3,365
10.16,437,3.31,SQUAD,jstCarry_Twitch,80509,609.92,132,67.4,89
4.19,6307,3.2,SQUAD,JUGGERNAUT-YT,667179,338.5,1971,23.6,466
4.67,3055,4,SQUAD,k0nfetti_Twitch,200497,262.43,764,14.4,110
4.76,2780,3.07,SQUAD,kEVSHH,426796,470.56,907,35.6,323
10.3,556,2.78,SQUAD,ManjaFi,125551,627.76,200,73,146
26.48,8951,6.17,SQUAD,mouz Möps,1134591,782.48,1450,76.7,1112
10.84,6101,5.38,SQUAD,mQuark,621591,548.14,1134,50.4,571
7.58,3631,3.99,SQUAD,NícKK,464584,511.09,909,47.3,430
2.6,1941,1.85,SQUAD,NSI_SoulHunter,437727,417.28,1049,28.8,302
3.71,5686,3.26,SQUAD,OMIKRON.ZanDoX,482781,276.67,1745,12.1,212
4.34,4527,3.2,SQUAD,p h i l,546227,386.03,1415,26.2,371
3.73,3788,2.83,SQUAD,Prevax,414866,309.6,1340,24.3,325
6.01,6030,3.8,SQUAD,Prime President,727324,458.01,1588,36.8,584
4.29,1886,3.31,SQUAD,RPT Daineira,209746,368.62,569,22.7,129
5.28,6250,3.5,SQUAD,SC0RPEX,730577,409.29,1785,33.7,601
3.67,3218,2.61,SQUAD,SPIRIT Downley,491453,397.94,1235,29,358
5.72,789,2.77,SQUAD,SPIRIT siroqz,154027,540.45,285,51.6,147
3.1,2880,2.48,SQUAD,sT Landlord,383110,329.42,1163,20.2,235
2.74,2424,2.49,SQUAD,sT Rippchen,201504,206.88,974,9,88
1.94,563,1.75,SQUAD,SwitchUMG,80430,250.56,321,9.7,31
6.83,3554,4.97,SQUAD,thrustz,262721,367.44,715,27.3,195
6.66,1792,5.22,SQUAD,Twitch L3and3Boy,112062,326.71,343,21.6,74
9.94,3926,5.25,SQUAD,TWITCH xDreamZTV,402004,537.44,748,47.2,353
6.35,2717,3.89,SQUAD,Twitch_Netwar_,324756,464.6,699,38.8,271
3.09,4696,2.79,SQUAD,Twitch_Raavo0x,408660,242.96,1682,9.8,164
4.75,342,3.32,SQUAD,Twitch_zMatriicx,42967,417.16,103,30.1,31
5.92,8701,4.3,SQUAD,twitchprrkk,808928,399.87,2023,27.4,554
5.27,2433,3.74,SQUAD,TWlTCH inc_Price,259934,399.28,651,29,189
4.5,2752,3.41,SQUAD,Wolfツ,315579,391.05,807,24.2,195
2.79,2753,2.58,SQUAD,xd Sariusツ,212692,198.96,1069,7.8,83
4.95,1975,3.9,SQUAD,xRaider.,181878,359.44,506,21.1,107
6.74,5977,4.7,SQUAD,Xypher Pepper,479382,377.17,1271,30.2,384
4.21,3079,3.35,SQUAD,ZakayZocktTV,316295,344.55,918,20.4,187
3.11,6919,2.9,SQUAD,αημεδ,500204,209.55,2387,6.7,160
7.81,164,5.29,SQUAD,pasDuno,13824,445.94,31,32.3,10
7.23,94,3.62,SQUAD,Violentiz,13179,506.88,26,50,13
12.89,116,4.83,SQUAD,VP Shneezin,15041,626.71,24,62.5,15
2.79,39,2.17,SQUAD,XBL uBaq,5773,320.72,18,22.2,4
3.47,59,2.95,SQUAD,hransen,4286,214.3,20,15,3
3.51,1914,3.03,SQUAD,NicklasAlfred,69169,109.44,632,13.6,86
2.25,27,2.25,SQUAD,Ziggiking90,1535,127.92,12,0,0
6.09,4159,4.59,SQUAD,M8ay,316905,349.78,906,24.6,223
9.27,6597,4.8,SQUAD,NxG Str0nkTV,705500,513.46,1374,48.2,662
5.51,2095,3.86,SQUAD,Sutsko,220859,406.74,543,30,163
4.63,7107,3.28,SQUAD,SvendPro,783045,361.18,2168,29.2,632
8.12,13069,5.03,SQUAD,Twitch_Dkokholm,1295570,498.49,2599,38.1,989
1.33,8,1.33,SQUAD,Twitch TBEGlory,435,72.5,6,0,0
8.42,7741,5.18,SQUAD,Markeloff05,678737,454.31,1494,38.5,575
2.13,2863,2.05,SQUAD,I Seolhyun I,226607,162.33,1396,3.8,53
3.12,1814,2.71,SQUAD,WAP Raas,180239,269.01,670,13.3,89
6.59,5047,4.77,SQUAD,AQ TwtchReyes37,366211,346.46,1057,27.5,291
3.76,8961,3.09,SQUAD,Blessed KennyDX,917396,315.91,2904,17.9,520
4.66,3538,3.82,SQUAD,DRA Broken,282499,305.07,926,18,167
3.69,2409,3.02,SQUAD,Frnzgodness,253481,318.04,797,18.1,144
3.16,6418,2.28,SQUAD,JMO Khaleesiu,1194067,424.33,2814,27.8,781
5.92,12592,4.27,SQUAD,JMO subman,1205909,409.34,2946,27.8,819
2.56,1491,2.07,SQUAD,Manoloka7,259955,360.55,721,19.1,138
8.44,76,3.8,SQUAD,arttu01,10376,518.8,20,55,11
2.85,2154,2.23,SQUAD,Leevi L,305109,316.5,964,21.7,209
18.36,10064,6.46,SQUAD,Romez,1099538,705.74,1558,64.8,1010
7.91,6869,5.56,SQUAD,turtlezzA,528698,428.1,1235,29.7,367
2.9,2674,2.76,SQUAD,Twitch Raimmu,169204,174.62,969,4.7,46
7.8,3059,4.83,SQUAD,twitchstonde1337,290201,458.45,633,38.1,241
2.11,19,1.46,SQUAD,Beubeu92230,5105,392.69,13,30.8,4
6,6,2,SQUAD,commandox17x,1571,523.67,3,66.7,2
7,7,7,SQUAD,KaRMaZ_Niper,445,445,1,0,0
7.67,138,4.93,SQUAD,Zhyr_Kajiko,12372,441.86,28,35.7,10
2.75,278,2.36,SQUAD,Kouyaler_,32612,276.37,118,14.4,17
4.05,1397,3.38,SQUAD,PopiGames,112783,273.08,413,16.5,68
4.06,7258,2.73,SQUAD,pylaa,1146942,431.51,2658,32.8,872
4.79,4277,3.71,SQUAD,TaL Len,372971,323.48,1153,22.5,260
3.36,5672,3.03,SQUAD,TwitchGowtyx,412342,220.27,1872,9.8,184
7.06,2513,4.89,SQUAD,Zakerum,218232,424.58,514,30.7,158
3.5,7,3.5,SQUAD,AlexRamiGaming,487,243.5,2,0,0
3,3,1.5,SQUAD,Faantaz,1106,553,2,50,1
1.22,22,1.22,SQUAD,kshiiy-,2768,153.78,18,0,0
1.57,154,1.52,SQUAD,LualdiDylan,18797,186.11,101,3,3
1,1,1,SQUAD,Murrell220,465,465,1,0,0
8.67,26,2.36,SQUAD,Outpacing,7257,659.73,11,72.7,8
4,4,4,SQUAD,Rob Hanson,369,369,1,0,0
5,220,3.79,SQUAD,RoT8_Cava,21473,370.22,58,24.1,14
2.94,50,1.85,SQUAD,RoT8_Hobo,11382,421.56,27,37,10
9,18,4.5,SQUAD,Silly_kiwi,2470,617.5,4,50,2
5.07,6149,3.76,SQUAD,DARKREAPA,626285,383.28,1634,25.7,420
5.31,4344,4.3,SQUAD,DeeCee.,359854,356.29,1010,19,192
4.42,1541,3.02,SQUAD,Easyeadie22,222117,435.52,510,31.6,161
5.32,3192,3.6,SQUAD,ISwaZz,387774,437.17,887,32.4,287
6.33,6238,3.7,SQUAD,JackRyanFox,822752,487.7,1687,41.6,702
4.82,4784,4.05,SQUAD,L e g l e s s,340864,288.38,1182,16,189
11.32,3950,5.58,SQUAD,Meggsey,383943,542.29,708,50.7,359
15.96,5427,5.24,SQUAD,Nenwin,712130,688.05,1035,67.1,695
4.35,1887,3.15,SQUAD,Tiimmehh,229473,383.09,599,27.5,165
9.33,4961,6.39,SQUAD,TTV_JakeTheBrit,306951,395.56,776,31.4,244
3.58,3503,2.99,SQUAD,Twitch Revert_,349417,298.14,1172,16.6,194
4.73,4052,3.67,SQUAD,Twitch_TheSpud88,380264,344.75,1103,22.4,247
7.22,65,5,SQUAD,chompadomp,5199,399.92,13,30.8,4
4,20,2.86,SQUAD,EVN8,2518,359.71,7,28.6,2
14,14,4.67,SQUAD,Twitch JaamZXBL,1635,545,3,66.7,2
5.73,8258,4.32,SQUAD,Twitch_Lamucaa,726355,379.89,1912,24.7,472
6.5,2920,4.95,SQUAD,COOLER eXzacT,221402,375.26,590,23.9,141
4.04,4181,3.16,SQUAD,K1NGred-YT,376090,284.27,1323,21.7,287
4.75,12871,4.09,SQUAD,Twitch.tv_eXes3,830813,263.92,3148,14,441
5.94,4167,4.33,SQUAD,Fl4shX,401225,417.07,962,27,260
3.78,1349,2.91,SQUAD,PyKo,130910,282.13,464,23.1,107
7.8,9373,4.99,SQUAD,AlterEgo.Feezle,964777,513.73,1878,36,677
1,1,1,SQUAD,DuelWasps,135,135,1,0,0
11.17,67,3.19,SQUAD,Kleiny12303,12730,606.19,21,71.4,15
1,1,1,SQUAD,CAPful57,365,365,1,0,0
3.94,5477,3.07,SQUAD,REA_AgiOz,620506,348.01,1783,22,393
5.67,17,5.67,SQUAD,GansHyper,1177,392.33,3,0,0
11.67,35,4.38,SQUAD,makilong812,4585,573.12,8,62.5,5
4.23,55,2.89,SQUAD,SKET-DANCE01,8057,424.05,19,31.6,6
3.94,63,3.71,SQUAD,T_xvs_M,5810,341.76,17,5.9,1
2,2,2,SQUAD,Tommy_Lee_JonesY,243,243,1,0,0
1.31,17,1.31,SQUAD,だいこん2003,1597,122.85,13,0,0
10.2,51,5.1,SQUAD,のあ太郎,5411,541.1,10,50,5
2.36,33,2.2,SQUAD,ひら9999,2862,190.8,15,6.7,1
3.58,1623,3.25,SQUAD,994gon,120904,242.29,499,9.2,46
12.91,3357,5.26,SQUAD,bykn.nR,367836,576.55,638,59.2,378
4.73,2783,3.2,SQUAD,CB Kushi,358185,411.23,871,32.5,283
6.82,1023,2.51,SQUAD,CB ShinjiSenpai,250942,615.05,408,63.2,258
7.72,633,2.3,SQUAD,CB Shioko,177682,646.12,275,70.2,193
6.83,1565,3.56,SQUAD,CB yakulto_,224357,509.9,440,48,211
6.16,1263,4.4,SQUAD,I GOT_THIS,120199,418.81,287,28.6,82
8.3,4638,3.77,SQUAD,kuri_CoC_,710704,578.28,1229,54.5,670
4.43,372,2.45,SQUAD,LaZy Ashfade,75315,495.49,152,44.7,68
3.45,1943,2.46,SQUAD,LaZy STEEEAL,327084,414.56,789,28.5,225
6.32,9716,4.75,SQUAD,LeXy べる,769203,376.14,2045,24.8,507
5.65,735,3.79,SQUAD,Nephrite2,89446,461.06,194,33,64
9.06,3408,3.99,SQUAD,NGE.JP_Manji,522829,612.21,854,56,478
2.9,942,2.47,SQUAD,S P A C E Z,104976,275.53,381,14.7,56
6.61,3007,3.64,SQUAD,shine-w-,407973,494.51,825,44.8,370
10.39,3752,2.8,SQUAD,toumoku,948577,708.42,1339,73,978
6.91,14759,4.03,SQUAD,りゅのび,1773168,483.94,3664,41.7,1528
8.99,3947,3.84,SQUAD,寺田ㅤ,596524,580.28,1028,57.3,589
3.07,543,2.76,SQUAD,525KR,47093,239.05,197,10.2,20
4.46,2518,3.13,SQUAD,Carnage_FitU,360561,448.46,804,29.7,239
5.52,2985,4.25,SQUAD,Carnage_milfy,244216,347.39,703,23,162
10.05,5477,5.17,SQUAD,Korypton,621236,586.07,1060,48.6,515
8.48,8538,4.48,SQUAD,NoC Rabbit,1079623,566.14,1907,47.2,900
5.52,4005,3.54,SQUAD,NON_PLAYER,519253,459.11,1131,35.8,405
7.78,8402,4.63,SQUAD,Space Infinity E,931290,513.67,1813,40.4,733
11.85,14883,6.36,SQUAD,TOP_Aimhero_o,1464598,625.63,2341,46.3,1085
8.05,5417,4.04,SQUAD,WANTED_Tsunami,780507,582.47,1340,49.8,667
15.05,3687,4.03,SQUAD,WGS_김수현,647055,706.39,916,73.3,671
0.84,38,0.83,SQUAD,ym1n,4742,103.09,46,2.2,1
5.26,10180,4.04,SQUAD,넌 이 죽,737337,292.48,2521,23.2,586
5.9,2084,4.85,SQUAD,무조건하드캐리,131025,304.71,430,17.9,77
6.68,2687,4.39,SQUAD,성 호 님,291066,475.6,612,34.3,210
6.4,4835,3.13,SQUAD,에이스에이스,852619,551.5,1546,51.1,790
4.62,2512,3.4,SQUAD,함대길,290552,393.7,738,26.3,194
9.65,9774,5.09,SQUAD,Paprastukas,973347,507.22,1919,47.2,906
1.86,1335,1.68,SQUAD,TTV ImSnapshot,215276,270.45,796,10.1,80
4,4,1.33,SQUAD,JDaiser 9,2009,669.67,3,100,3
2.5,10,2,SQUAD,JJeorvalCM,1230,246,5,20,1
4,4,1.33,SQUAD,Terry 5L,2009,669.67,3,100,3
3,3,3,SQUAD,Zafuran_,276,276,1,0,0
2.61,3272,2.22,SQUAD,TTV_Tzuyu,409583,278.44,1471,14.8,218
1,1,1,SQUAD,Alibatsbak,48,48,1,0,0
4.14,58,3.05,SQUAD,GODZ_QUIN,7358,387.26,19,26.3,5
0.98,40,0.98,SQUAD,iFinq,5308,129.46,41,0,0
6,6,3,SQUAD,matteo22gta4fan,1548,774,2,100,2
10,30,2.73,SQUAD,sR_DonVK,6547,595.18,11,72.7,8
13.33,40,3.64,SQUAD,sR_Purple070,6611,601,11,72.7,8
2.73,30,2.31,SQUAD,StefanRVH,4177,321.31,13,15.4,2
2.52,63,2.33,SQUAD,Wsftw,5774,213.85,27,7.4,2
4.83,6067,3.7,SQUAD,Agrowyn,606663,370.37,1638,23.3,382
7.07,6461,4.97,SQUAD,ECV_DutchPR1ME,498952,384.1,1299,29.6,385
1.82,1582,1.56,SQUAD,ECV_HeritorTV,266348,262.41,1015,14.2,144
5.89,8416,4.56,SQUAD,M33P_,623912,338.35,1844,22.6,416
5.77,1946,3.96,SQUAD,Mikos TTV,210950,429.63,491,31.4,154
5.84,2728,4.07,SQUAD,SK_Loyal,266549,397.24,671,30.4,204
5.38,3218,3.33,SQUAD,Squirrelxxl,458887,475.53,965,38,367
5.73,8944,4.02,SQUAD,TheMysteries,953747,428.65,2225,29.8,664
5.74,4976,3.66,SQUAD,Trаshy,637300,468.6,1360,36.2,493
6.1,5365,4.53,SQUAD,Вrоke,443537,374.61,1184,25.8,305
4.15,83,2.77,SQUAD,xbl(Murdahm),13189,439.63,30,33.3,10
6.86,192,4.57,SQUAD,Joak97,13838,329.48,42,33.3,14
4,8,2,SQUAD,wolfieV3,2140,535,4,50,2
13.94,10507,7.84,SQUAD,Chuckxtar,693746,517.33,1341,43.8,587
6.32,7708,4.21,SQUAD,DreamZ Sundklakツ,767279,419.51,1829,33.3,609
3.82,1757,3.45,SQUAD,Skauen.,121671,238.57,510,9.8,50
6.46,5119,5.08,SQUAD,TwitchSyrtekz_Tv,343232,340.85,1007,21.3,214
9,9,4.5,SQUAD,Juxtapositionz,724,362,2,50,1
4.5,36,4.5,SQUAD,Lam Lam OG,2047,255.88,8,0,0
3.8,2147,3.17,SQUAD,Cypis_YT,209905,309.59,678,16.7,113
3.85,3864,3.16,SQUAD,Dejziu,397366,324.91,1223,17.9,219
4.39,2874,3.05,SQUAD,ExistFEAR Paciej,395210,419.54,942,30.5,287
9.56,1214,3.76,SQUAD,FilipThh,209397,648.29,323,60.7,196
7.43,1137,3.78,SQUAD,GROM dzosefff,163750,544.02,301,49.2,148
5.97,5831,3.28,SQUAD,Hencio,841435,473.25,1778,45.1,801
7.36,6496,3.81,SQUAD,INVIZY Mandii,887535,520.85,1704,48.2,821
5.59,3182,4.51,SQUAD,JarkoS.,235220,333.17,706,19.4,137
6.05,4842,3.61,SQUAD,mocarzz,670597,500.07,1341,40.3,541
2.21,172,2.18,SQUAD,MRJ0ckey99,12503,158.27,79,1.3,1
7.47,6246,4.68,SQUAD,s1cK.nyczu,602027,451.29,1334,37.3,498
2.82,1699,2.52,SQUAD,ッBeasT,148245,219.95,674,10.7,72
5.03,337,3.66,SQUAD,Hyeouk,33165,360.49,92,27.2,25
1.96,1355,1.77,SQUAD,Macof,202819,264.78,766,9.7,74
18.48,3031,6.06,SQUAD,PANG VoVo,359120,718.24,500,67.2,336
5.21,5472,3.69,SQUAD,Cat6 Be Careful,585457,395.05,1482,29.1,431
4.59,5700,3.24,SQUAD,Markonix.YT,723734,411.91,1757,29.4,516
7.25,4112,4.22,SQUAD,Lastliving,500913,513.76,975,41.8,408
8.71,453,5.03,SQUAD,TSG T4im,36961,410.68,90,42.2,38
2.84,3468,2.71,SQUAD,Z1REX-,227338,177.33,1282,4.6,59
4.8,7032,3.62,SQUAD,ihero4ever,760350,391.73,1941,24.6,477
5.3,8661,4.36,SQUAD,K A I O X,620713,312.54,1986,17.8,353
6.03,13165,4.12,SQUAD,OTW NJR,1450330,453.65,3197,31.7,1015
4.57,11856,3.77,SQUAD,TTv.xiA7R,1057643,335.87,3149,17.6,555
5.27,7853,4.05,SQUAD,vagnaR-,708514,365.21,1940,23.2,450
1.5,6,1.5,SQUAD,G1ngerPojken,948,237,4,0,0
2.2,11,2.2,SQUAD,rakin01,1221,244.2,5,0,0
10.42,14729,5.06,SQUAD,Abêlstan,1095946,376.87,2908,51.4,1495
6.58,2415,4.76,SQUAD,Beethovenא,187182,369.2,507,27.6,140
8.69,3251,5.41,SQUAD,Champuru,286601,476.87,601,37.8,227
8.28,12720,5.32,SQUAD,Ekw3nsu.TV,1036969,433.7,2391,35.7,854
2.35,2299,1.75,SQUAD,EyeGaming WarG,504336,383.23,1316,25.6,337
8.46,7807,5.44,SQUAD,haHAA Npish btw,646967,450.85,1435,35.7,512
5.72,4504,4.7,SQUAD,MEWIIE,270164,282.01,958,17.7,170
2.27,574,2.06,SQUAD,MightyHolo TTV,67686,243.47,278,9,25
7.71,3378,4.84,SQUAD,Rеyеd,295772,423.74,698,37.2,260
2.92,2123,2.11,SQUAD,SSK-JW,393456,390.72,1007,27.9,281
3.87,2019,2.91,SQUAD,ttv wozbror,248804,357.99,695,24.9,173
5.45,6644,4.47,SQUAD,Twitch Dealersz,489443,329.15,1487,18,268
3.8,4430,3,SQUAD,Twitch wKiMmeH,516955,350.24,1476,20.9,309
4.73,3626,3.51,SQUAD,Twitch.tv Woriah,371735,360.21,1032,25.7,265
5.01,5244,3.8,SQUAD,Twitch_Delpzie,520859,377.43,1380,24.2,334
5.29,8339,4.45,SQUAD,Twitch_Detooxtv,564565,301.42,1873,15.8,296
4.88,5298,4.02,SQUAD,TwitchAlphaAmons,373524,283.19,1319,17.7,233
6.58,9025,4.42,SQUAD,lnvoke,916510,449.27,2040,32.7,668
11.44,14250,5.13,SQUAD,NoU_Pasjidadi,1741728,627.2,2777,55.1,1531
12.32,9065,4.85,SQUAD,NoU_Xact,1255541,671.77,1869,60.6,1133
6.61,4723,4.87,SQUAD,twitchInsan3Lik3,390883,403.39,969,26.2,254
4.24,4808,3.54,SQUAD,pso.,450663,331.86,1358,16.4,223
3.35,7580,2.63,SQUAD,DDoS I MRX,971864,336.98,2884,21.4,618
3.94,8607,2.98,SQUAD,DDoS I Sweny,1032409,357.61,2887,24.3,702
4.52,5129,3.25,SQUAD,SPC MerSa,603266,381.81,1580,28.2,446
1.49,210,1.35,SQUAD,StrawBerry MîLK,35446,227.22,156,9.6,15
7,14,3.5,SQUAD,Circle_To_Build,2271,567.75,4,50,2
1,3,1,SQUAD,Clxtch Kid,519,173,3,0,0
0.33,1,0.33,SQUAD,Deon_SC,576,192,3,0,0
0.5,1,0.5,SQUAD,GODZILLApsn,657,328.5,2,0,0
2.78,25,2.27,SQUAD,iDynasty22,3297,299.73,11,18.2,2
1.56,14,1.56,SQUAD,JTolerance,1450,161.11,9,0,0
3.67,11,2.75,SQUAD,JUNYASK1LLZZ,1051,262.75,4,25,1
3.8,19,3.17,SQUAD,MutilashuN,2513,418.83,6,16.7,1
8.27,124,4.96,SQUAD,The_One_Dream,10927,437.08,25,40,10
8.33,25,3.12,SQUAD,Trickyways,4935,616.88,8,62.5,5
6.75,81,3.68,SQUAD,Twitch_madeofham,11497,522.59,22,45.5,10
6.44,541,4.36,SQUAD,WaxdSZN,51871,418.31,124,32.3,40
2.17,13,2.17,SQUAD,WIDeYEZ,1322,220.33,6,0,0
5.91,4023,3.85,SQUAD,1c7,463125,442.76,1046,34.9,365
12.49,2498,4.71,SQUAD,Airrun7,340314,642.1,530,62.3,330
7.41,12217,4.88,SQUAD,Alehx,1002310,400.6,2502,34.1,854
6.18,13114,4.92,SQUAD,BudzyTV,814992,306.04,2663,20.3,541
12.12,2352,4.45,SQUAD,Chilla_Deluxe,335611,634.43,529,63.3,335
11.3,2611,5.02,SQUAD,Crooks5,316304,608.28,520,55.6,289
7.79,5638,3.89,SQUAD,do-not blink,877593,606.07,1448,50,724
3.99,3919,2.71,SQUAD,FLOSS-EM,610751,421.79,1448,32.2,466
8.07,9018,4.66,SQUAD,FPS_Shwip,951317,491.89,1934,42.2,816
7.63,6133,5.24,SQUAD,Holy MoIy,500623,427.52,1171,31.3,367
5.81,6607,4.58,SQUAD,hood pug,532654,369.39,1442,21.1,304
4.98,2136,3.41,SQUAD,Hyреr,273137,436.32,626,31.5,197
7.89,3386,3.76,SQUAD,killacounty TTV,544270,604.74,900,52.3,471
5.01,9646,3.34,SQUAD,little sweaty,1299436,450.41,2885,33.2,959
5.53,7701,4.03,SQUAD,LOLDEFUSE,743472,388.64,1913,27.2,520
3.28,5239,2.62,SQUAD,mrpandr,702715,351.01,2002,20.3,407
9.33,5506,5.28,SQUAD,oUt-N-iN.,533697,511.69,1043,43.4,453
5.63,4406,3.4,SQUAD,roidZz_,591744,456.24,1297,39.7,515
1.85,1269,1.6,SQUAD,Ryanator_YT,152637,192.48,793,13.6,108
8.28,9495,5.25,SQUAD,staticillusion,809421,447.19,1810,36.6,663
6.11,3106,3.78,SQUAD,The8thWonder,428791,521.64,822,38.2,314
7.24,1043,3.67,SQUAD,Travеy,140711,495.46,284,49.3,140
12.21,17947,6.89,SQUAD,Troflecopterr,1308236,502.2,2605,43.6,1135
4.06,1113,3.14,SQUAD,TTV 3000IQPlayer,124188,349.83,355,22.8,81
6.19,5922,3.84,SQUAD,TTV iBruno,786615,509.8,1543,38,587
2.99,1018,2.64,SQUAD,ttvTheGamingOwl,112626,291.78,386,11.7,45
4.88,6094,4.15,SQUAD,twitch.EpikWhale,454677,309.51,1469,15,221
10.23,11341,4.09,SQUAD,TwitchTQ Defiant,1811979,652.73,2776,60.1,1667
6.02,1450,3.99,SQUAD,TwitchTwistedAK,177299,488.43,363,33.6,122
5.74,5685,3.31,SQUAD,uncle_fubar,873666,508.54,1718,42.3,727
4.28,4379,3.2,SQUAD,void556,500904,365.62,1370,25.4,348
4.06,1837,3.4,SQUAD,Wrathinel TTV,158629,293.76,540,16.3,88
3.94,4856,3,SQUAD,xeno -_0,619490,382.87,1618,23.9,386
7.62,358,4.97,SQUAD,Youtube ashenFN,32566,452.31,72,34.7,25
3.81,5343,2.22,SQUAD,δwanδong,1270373,528.22,2405,41.7,1004
2,2,2,SQUAD,AlrightConor,142,142,1,0,0
2,2,2,SQUAD,Andomaje31,526,526,1,0,0
4.83,29,2.64,SQUAD,Brandon070242,5539,503.55,11,45.5,5
5.38,172,3.91,SQUAD,CarryingRandoms,19156,435.36,44,27.3,12
2.74,63,2.52,SQUAD,Dash facover,8203,328.12,25,8,2
5.2,104,3.71,SQUAD,Evaysive,12258,437.79,28,28.6,8
2,12,1.71,SQUAD,Fai1edAbortion,2225,317.86,7,14.3,1
2,10,1.67,SQUAD,LaBrawn James,1578,263,6,16.7,1
8,48,4.8,SQUAD,LucasCannard,4435,443.5,10,40,4
0.5,1,0.5,SQUAD,McDonkle,131,65.5,2,0,0
3.5,7,2.33,SQUAD,MrManTheGod,1240,413.33,3,33.3,1
3.14,22,2.75,SQUAD,Murder Fantasy,2359,294.88,8,12.5,1
1.11,30,1.07,SQUAD,Not in xT,5644,201.57,28,3.6,1
3.7,37,2.85,SQUAD,Pawsedxbl,5623,432.54,13,23.1,3
2.93,41,2.56,SQUAD,Poofn,5272,329.5,16,12.5,2
0.67,2,0.67,SQUAD,RuffusXBL,230,76.67,3,0,0
1.96,51,1.7,SQUAD,TheSasSquash,7631,254.37,30,13.3,4
4.5,9,2.25,SQUAD,TTV_SIGNIFLCANCE,1695,423.75,4,50,2
6,6,3,SQUAD,Twitch DripTD,712,356,2,50,1
2.11,80,1.74,SQUAD,Twitch.ImSnapsy,14390,312.83,46,17.4,8
